Name,Handle,Timestamp,Verified,Content,Comments,Retweets,Likes,Analytics,Tags,Mentions,Emojis,Profile Image
シンチャオ︰三菱UFJ全力少年(Lv35),@Nifty50JEPI1489,2023-09-29T23:54:59.000Z,False,理屈じゃねぇンす,0,0,2,80,[],[],['\\u203c\\ufe0f'],https://pbs.twimg.com/profile_images/1613035622637400064/aCQEOj87_normal.jpg
シンチャオ︰三菱UFJ全力少年(Lv35),@Nifty50JEPI1489,2023-09-29T23:54:06.000Z,False,歩くテムテムさん、ありがとうございます現在敗北濃厚ですが楽しみたいと思います,1,0,1,"5,388",[],[],"['\\U0001f60a', '\\u203c\\ufe0f']",https://pbs.twimg.com/profile_images/1613035622637400064/aCQEOj87_normal.jpg
シンチャオ︰三菱UFJ全力少年(Lv35),@Nifty50JEPI1489,2023-09-29T23:11:58.000Z,False,今の私の状態、すでに生命が削られてるンだわでも見届けてほしいンだわ,0,0,1,156,[],[],"['\\u203c\\ufe0f', '\\u203c\\ufe0f']",https://pbs.twimg.com/profile_images/1613035622637400064/aCQEOj87_normal.jpg
シンチャオ︰三菱UFJ全力少年(Lv35),@Nifty50JEPI1489,2023-09-29T23:08:51.000Z,False,うぃるずさん、ありがとうございます,0,0,1,49,[],[],"['\\U0001f64f', '\\u2728']",https://pbs.twimg.com/profile_images/1613035622637400064/aCQEOj87_normal.jpg
シンチャオ︰三菱UFJ全力少年(Lv35),@Nifty50JEPI1489,2023-09-29T23:00:37.000Z,False,ふるちゃんさん、ありがとうございます未来を楽しみましょー,1,0,2,60,[],[],"['\\U0001f64f', '\\U0001f64f', '\\u2728']",https://pbs.twimg.com/profile_images/1613035622637400064/aCQEOj87_normal.jpg
シンチャオ︰三菱UFJ全力少年(Lv35),@Nifty50JEPI1489,2023-09-29T22:55:56.000Z,False,ぼぼんぼさんのこと応援してますトヨタ、ENEOSもいい銘柄なンだわ,0,0,1,43,[],[],"['\\u203c\\ufe0f', '\\u203c\\ufe0f']",https://pbs.twimg.com/profile_images/1613035622637400064/aCQEOj87_normal.jpg
シンチャオ︰三菱UFJ全力少年(Lv35),@Nifty50JEPI1489,2023-09-29T22:47:19.000Z,False,破滅か勝利か見届けてほしいンだわ,1,0,0,46,[],[],['\\u203c\\ufe0f'],https://pbs.twimg.com/profile_images/1613035622637400064/aCQEOj87_normal.jpg
シンチャオ︰三菱UFJ全力少年(Lv35),@Nifty50JEPI1489,2023-09-29T22:46:13.000Z,False,"フォロワーさん2,400人突破投資家さん、お金配りの富豪、エロエッチお姉さん色々な方から力を貰っています。日々感謝です三菱UFJ信用取引全力投資継続です、今の所大暴落だけど来年には脳汁プッシャーだすンだわ～(˶ඕ ⌔ ඕ˶)
追証なりそうどけど…

これからもよろしくお願いしますンだわ",10,0,151,"5,064",[],[],"['\\u203c\\ufe0f', '\\U0001f64f', '\\u2728', '\\u203c\\ufe0f']",https://pbs.twimg.com/profile_images/1613035622637400064/aCQEOj87_normal.jpg
Ajit Gupta(Rahul),@AjitguptaRahul,2023-09-29T22:42:47.000Z,True,#nifty50 #chart #Tredline Support  and Resistance#educacion purpose Not Buy And Sale,0,0,0,114,"['#nifty50', '#chart', '#Tredline', '#educacion']",[],[],https://pbs.twimg.com/profile_images/1545503736604139528/AdwsQAEF_normal.jpg
シンチャオ︰三菱UFJ全力少年(Lv35),@Nifty50JEPI1489,2023-09-29T22:36:13.000Z,False,"9月30日今日は何の日
⇒『核燃料工場で国内初の臨界事故』

日本の原子力史上初となる「臨界事故」は、1999年9月30日、茨城県東海村の核燃料加工会社JCOで起きた。作業員3人が大量に被曝し、半径10キロの住民は自宅退避。国承認の作業手順を無視し、「裏マニュアル」で違法作業を繰り返していた。",1,3,54,"2,695",[],[],[],https://pbs.twimg.com/profile_images/1613035622637400064/aCQEOj87_normal.jpg
シンチャオ︰三菱UFJ全力少年(Lv35),@Nifty50JEPI1489,2023-09-29T22:27:17.000Z,False,人生常に全力なんで信用全力なンだわ後悔する可能性大かもだけど見届けて欲しいンだわ,0,0,0,580,[],[],"['\\u203c\\ufe0f', '\\u203c\\ufe0f']",https://pbs.twimg.com/profile_images/1613035622637400064/aCQEOj87_normal.jpg
シンチャオ︰三菱UFJ全力少年(Lv35),@Nifty50JEPI1489,2023-09-29T22:26:13.000Z,False,やってくしかねぇンだわ,0,0,0,"1,743",[],[],['\\u203c\\ufe0f'],https://pbs.twimg.com/profile_images/1613035622637400064/aCQEOj87_normal.jpg
シンチャオ︰三菱UFJ全力少年(Lv35),@Nifty50JEPI1489,2023-09-29T22:25:38.000Z,False,妻が正しいのはわかるンだわしかし人生1度きりなので勝負したいンだわ,0,0,0,638,[],[],"['\\u203c\\ufe0f', '\\u203c\\ufe0f']",https://pbs.twimg.com/profile_images/1613035622637400064/aCQEOj87_normal.jpg
シンチャオ︰三菱UFJ全力少年(Lv35),@Nifty50JEPI1489,2023-09-29T22:24:42.000Z,False,見届けてほしいンだわ破滅か勝利か,0,0,1,"3,254",[],[],"['\\u203c\\ufe0f', '\\u270c\\ufe0f']",https://pbs.twimg.com/profile_images/1613035622637400064/aCQEOj87_normal.jpg
シンチャオ︰三菱UFJ全力少年(Lv35),@Nifty50JEPI1489,2023-09-29T22:23:57.000Z,False,共働きだからこそできる、全力信用取引なンだわもう戻れねぇンだわ,0,0,3,106,[],[],"['\\u203c\\ufe0f', '\\u203c\\ufe0f']",https://pbs.twimg.com/profile_images/1613035622637400064/aCQEOj87_normal.jpg
シンチャオ︰三菱UFJ全力少年(Lv35),@Nifty50JEPI1489,2023-09-29T22:23:08.000Z,False,とりあえず信用期限の3月までは保有してみようと思うので見届けて欲しいンすそこまで持たずに追証で終わる可能性有りますが。。,1,0,12,10.5K,[],[],['\\u203c\\ufe0f'],https://pbs.twimg.com/profile_images/1613035622637400064/aCQEOj87_normal.jpg
シンチャオ︰三菱UFJ全力少年(Lv35),@Nifty50JEPI1489,2023-09-29T22:21:24.000Z,False,"パチンコとかやった事ないけど、やったらハマっちゃうのかも。
共働きだからこそできる全力投資、人生楽しくギャンブル依存なンだわ",1,1,1,"1,337",[],[],['\\u203c\\ufe0f'],https://pbs.twimg.com/profile_images/1613035622637400064/aCQEOj87_normal.jpg
シンチャオ︰三菱UFJ全力少年(Lv35),@Nifty50JEPI1489,2023-09-29T22:19:00.000Z,False,三菱UFJは最強の銀行なンだわ,0,0,1,824,[],[],['\\u203c\\ufe0f'],https://pbs.twimg.com/profile_images/1613035622637400064/aCQEOj87_normal.jpg
シンチャオ︰三菱UFJ全力少年(Lv35),@Nifty50JEPI1489,2023-09-29T22:18:20.000Z,False,共働きだからこそできる賭けですね、人生1度きりなんで好きにやっちゃうんです,0,0,3,"1,270",[],[],['\\u203c\\ufe0f'],https://pbs.twimg.com/profile_images/1613035622637400064/aCQEOj87_normal.jpg
シンチャオ︰三菱UFJ全力少年(Lv35),@Nifty50JEPI1489,2023-09-29T22:17:12.000Z,False,1度きりの人生楽しまなくちゃな精神なんです,1,0,2,164,[],[],['\\u203c\\ufe0f'],https://pbs.twimg.com/profile_images/1613035622637400064/aCQEOj87_normal.jpg
シンチャオ︰三菱UFJ全力少年(Lv35),@Nifty50JEPI1489,2023-09-29T22:16:24.000Z,False,1度きりの人生、楽しまなくちゃ,0,0,0,85,[],[],['\\u203c\\ufe0f'],https://pbs.twimg.com/profile_images/1613035622637400064/aCQEOj87_normal.jpg
シンチャオ︰三菱UFJ全力少年(Lv35),@Nifty50JEPI1489,2023-09-29T22:15:55.000Z,False,妻にはこう言います,0,0,8,"1,271",[],[],[],https://pbs.twimg.com/profile_images/1613035622637400064/aCQEOj87_normal.jpg
Nifty50+,@queenmiserable,2023-09-29T21:59:42.000Z,False,Get that deposit.  See how quick those mo fos get to their appointment ,0,0,1,9,[],[],['\\U0001f923'],https://pbs.twimg.com/profile_images/1704034813022203904/BmykoqfZ_normal.jpg
Nifty50+,@queenmiserable,2023-09-29T21:58:48.000Z,False,Ewwww,0,0,0,18,[],[],[],https://pbs.twimg.com/profile_images/1704034813022203904/BmykoqfZ_normal.jpg
Nifty50+,@queenmiserable,2023-09-29T21:58:09.000Z,False,,0,0,0,3,[],[],[],https://pbs.twimg.com/profile_images/1704034813022203904/BmykoqfZ_normal.jpg
Trading in Real Zone,@TradingRealZone,2023-09-29T21:14:34.000Z,False,"#nifty50 probability of being in sideways in next week.

Trade with small quantity to avoid big risk.",0,0,0,21,['#nifty50'],[],[],https://pbs.twimg.com/profile_images/1707824514237870082/zfUcNGqz_normal.jpg
うみ,@268i54zyuO4A14C,2023-09-29T20:32:12.000Z,False,NIFTY50,0,0,0,22,[],[],[],https://pbs.twimg.com/profile_images/1680679047574212608/UCBZm9cn_normal.jpg
stockar,@RVhagade,2023-09-29T20:28:12.000Z,False,#Nifty #nifty50 #niftyOptions #StocksToBuy #stockmarketcrash #StockMarketindia,0,0,0,138,"['#Nifty', '#nifty50', '#niftyOptions', '#StocksToBuy', '#stockmarketcrash', '#StockMarketindia']",[],[],https://pbs.twimg.com/profile_images/1629553120257908736/clJlvjlj_normal.jpg
Profitkhoj,@profitkhoj,2023-09-29T20:25:27.000Z,False,"#niftyOptions  , #finnifty    and #BankNiftyOptions   EOD Market data analysis and prediction for 3-OCT- 2023 #TRADINGTIPS #optionbuying #OptionsTrading #Optionselling #OptionChain #fno #futurestrading #nifty50",0,0,1,179,"['#niftyOptions', '#finnifty', '#BankNiftyOptions', '#TRADINGTIPS', '#optionbuying', '#OptionsTrading', '#Optionselling', '#OptionChain', '#fno', '#futurestrading', '#nifty50']",[],[],https://pbs.twimg.com/profile_images/1265730446744342529/6G1mL4mA_normal.jpg
AK Trader,@AKTrader_ofa_mp,2023-09-29T20:08:55.000Z,False,BN view for Monday and next week days based on Market Profiles and Volume Profile levels.http://linktr.ee/aktrader(This tweet is only for educational purposes. I'm not SEBI registered)#banknifty #NiftyBank #nifty50 #trading #OptionsTrading,0,0,1,186,"['#banknifty', '#NiftyBank', '#nifty50', '#trading', '#OptionsTrading']",[],[],https://pbs.twimg.com/profile_images/1683939514673254402/3a2zNOkd_normal.jpg
md Hammad Khan (محمد حماد),@MdHammadKhan5,2023-09-29T20:08:53.000Z,False,Which sector is growing opportunities in next 10 years in India ?? #stockmarkets #StocksToBuy #nifty50 #sensex #growingsector,0,1,0,147,"['#stockmarkets', '#StocksToBuy', '#nifty50', '#sensex', '#growingsector']",[],"['\\U0001f440', '\\U0001f447']",https://pbs.twimg.com/profile_images/1705598750645731328/0P7Ak8-3_normal.jpg
Vipin Kumar Meena,@meenavipin,2023-09-29T19:54:31.000Z,False,"#nifty50 #Tuesday 3rd October
My view is bullish on NIFTY.
Highest change in PUT OI at 19600
Highest change in CALL OI at 19800
NIFTY's Range -19600-19800
Stop Loss for Long Position 19560
Stop Loss for Short Position 19740

Sell 19550/19600 PE
Sell 19800/19850 CE",0,0,1,129,"['#nifty50', '#Tuesday']",[],[],https://pbs.twimg.com/profile_images/1541998882292305920/utgA3pv3_normal.jpg
Naveen Menezes,@NaveenMenezes74,2023-09-29T19:50:54.000Z,False,"On Friday, Sensex and Nifty closed in the green, propelled by pharma and metal sectors. All sectors, except IT, posted gains. Nifty 50 finished at 19,637.05, up 0.58%, and Sensex at 65,828.41, up 320 points.""  #StockMarket",0,0,2,116,['#StockMarket'],[],['\\U0001f4c8'],https://pbs.twimg.com/profile_images/1515546946857017349/zXQ8cmt-_normal.jpg
Mayank Trades,@tradersempirex,2023-09-29T19:50:11.000Z,False,Option Trader | Nifty 50 | learn trading from and I am recording my trading journey in which you all should support me by subscribing.,0,0,0,11,[],[],[],https://pbs.twimg.com/profile_images/1708046059937714176/lGV4JE00_normal.jpg
Nifty50+,@queenmiserable,2023-09-29T19:50:07.000Z,False,#nowwatching Out of time with #DenzelWashington   Ooo the twist and turns in this. and I thought I had watched literally all of his films. Some Denzel fan I am ,0,0,0,17,"['#nowwatching', '#DenzelWashington']",[],['\\U0001f644'],https://pbs.twimg.com/profile_images/1704034813022203904/BmykoqfZ_normal.jpg
Manu Rathod,@ManuRat46716959,2023-09-29T19:47:25.000Z,False,"PURAVANKARA Cmp 131.40

45.25% returns in 3.5 months.

Suggested here at 93.65 on 14 June .

For technical chart study only.#purva#Nifty #nifty50 #stocks #stock #investing #Investment #Traders #trading #BreakoutStock #Technical#adani",0,0,2,226,"['#purva', '#Nifty', '#nifty50', '#stocks', '#stock', '#investing', '#Investment', '#Traders', '#trading', '#BreakoutStock', '#Technical', '#adani']",[],[],https://pbs.twimg.com/profile_images/1439928830890704897/2sqoTJRB_normal.jpg
Arijit K R0Y,@FighterAKR,2023-09-29T19:30:00.000Z,False,"MARKET THIS MONTH :--
------------------------------

Take a look at how benchmark #Indices closed this Month:-- #nifty50 #Nifty #Niftybank #banknifty #CoalIndia #CENTRALBK #Granules #GLENMARK #TCS #StocksToBuy #NSE #nseindia #sharemarket #StockMarket #StockMarketindia",0,0,0,120,"['#Indices', '#nifty50', '#Nifty', '#Niftybank', '#banknifty', '#CoalIndia', '#CENTRALBK', '#Granules', '#GLENMARK', '#TCS', '#StocksToBuy', '#NSE', '#nseindia', '#sharemarket', '#StockMarket', '#StockMarketindia']",[],"['\\U0001f447', '\\U0001f447']",https://pbs.twimg.com/profile_images/1693088413069578240/iaxGm8Hb_normal.jpg
Pankaj Kumar Mehta,@pankajmehta003,2023-09-29T19:15:30.000Z,False,#AAVASFINANCIERS chart is looking good for breakout..CMP 1739 expecting 2100 before 2024. Stoploss 1690..#nifty50 #sharemarket #StocksToBuy #stocks #StockToWatch #india,0,0,0,20,"['#AAVASFINANCIERS', '#nifty50', '#sharemarket', '#StocksToBuy', '#stocks', '#StockToWatch', '#india']",[],[],https://pbs.twimg.com/profile_images/1490182753765101568/h1IB6GQQ_normal.jpg
Afroz Ahmad,@afroz_40,2023-09-29T19:08:53.000Z,False,"Vedanta Ltd.
#Longterminvestment#swingstocks#nifty50#banknifty#stockmarketnews",0,0,1,95,[],[],[],https://pbs.twimg.com/profile_images/1707828682243346432/4sIKxn4E_normal.jpg
fum,@fumh,2023-09-29T19:07:37.000Z,False,"今週もお疲れ様でした。

今週のポートフォリオ増減は-3.40%
強気が裏目に。

各指数の週間は…日経平均 -1.68%TOPIX -2.23%インド NIFTY50 -0.18%ベトナム VN INDEX -3.27%インドネシア JCI -1.10%中国(上海) SSEC -0.70%
チャートは記載分のワースト
VN INDEX
15分足9月25日から",1,3,140,"1,005",[],[],"['\\U0001f1ef\\U0001f1f5', '\\U0001f1ef\\U0001f1f5', '\\U0001f1ee\\U0001f1f3', '\\U0001f1fb\\U0001f1f3', '\\U0001f1ee\\U0001f1e9', '\\U0001f1e8\\U0001f1f3']",https://pbs.twimg.com/profile_images/1134326322/contest_20_normal.jpg
vipul baranwal,@vipulbaranwal,2023-09-29T19:06:08.000Z,False,#NIFTY50 Just an a idea,0,0,0,67,['#NIFTY50'],[],[],https://pbs.twimg.com/profile_images/1538427787786133504/1P_YLL60_normal.jpg
Nifty50+,@queenmiserable,2023-09-29T19:02:11.000Z,False,Here we go the false token gestures when it comes to Black history month.  Then for the next 11 months.....,0,1,8,192,[],[],[],https://pbs.twimg.com/profile_images/1704034813022203904/BmykoqfZ_normal.jpg
din ♡,@mingyuamore,2023-09-29T19:00:57.000Z,False,"and we'll find love through the ages as time goes by in your teen years where love is shy, love in your 20s when it's raw, flirty 30 romance has thawed, roaring 40 sparks has stopped, nifty 50 my sex drive drops, in the 60s I need you with me will you spend forever with me, love?",0,0,0,169,[],[],[],https://pbs.twimg.com/profile_images/1707634056115200000/VfLHt9Ni_normal.jpg
The Accountant,@Unborntrader,2023-09-29T18:53:17.000Z,True,"#dowjones falls nearly 500 points however #NASDAQ100 is still at range.

We may see #nifty open gap down on Tuesday (long hols to see what’s happening in the world)#nifty50#banknifty",0,0,3,377,"['#dowjones', '#NASDAQ100', '#nifty', '#nifty50', '#banknifty']",[],[],https://pbs.twimg.com/profile_images/1476940881353654275/hmMsdzXT_normal.jpg
Nifty50+,@queenmiserable,2023-09-29T18:57:38.000Z,False,"Note to self- never bank at NCB!
Beautiful place, BUT why is Jamaica always so slack when it comes to business.  No professionalism, sloppy practices, and dodgy staff.  I hate doing business there.  You gotta do better.",0,0,0,70,[],[],[],https://pbs.twimg.com/profile_images/1704034813022203904/BmykoqfZ_normal.jpg
Nifty50+,@queenmiserable,2023-09-29T18:59:41.000Z,False,Cat rat,0,0,2,9,[],[],[],https://pbs.twimg.com/profile_images/1704034813022203904/BmykoqfZ_normal.jpg
Nifty50+,@queenmiserable,2023-09-29T18:39:36.000Z,False,"22, back in the day when Third party fire and theft insurance was a ting ",0,0,0,8,[],[],['\\U0001f923'],https://pbs.twimg.com/profile_images/1704034813022203904/BmykoqfZ_normal.jpg
Nifty50+,@queenmiserable,2023-09-29T18:35:02.000Z,False,I absolutely loved the A-Team.  He is still looking fab ,0,0,1,48,[],[],['\\U0001f44c\\U0001f3ff'],https://pbs.twimg.com/profile_images/1704034813022203904/BmykoqfZ_normal.jpg
Stock Shorts,@sTocksHortsiNd,2023-09-29T18:30:26.000Z,False,"Yesterday i had predicted that there might be a small pull back before falling again, so the pull back.
Reason for pull back is some short covering.
But there were sellers which indicated profit booking#StockMarketindia #MarketUpdate #nifty50 #BSE #nseindia #InvestInIndia #Nifty",0,0,0,200,"['#StockMarketindia', '#MarketUpdate', '#nifty50', '#BSE', '#nseindia', '#InvestInIndia', '#Nifty']",[],[],https://pbs.twimg.com/profile_images/1659311338362118146/jFriIEVU_normal.jpg
Nifty50+,@queenmiserable,2023-09-29T18:26:16.000Z,False,Just got in from work and having a well earned bottle of #Cider.  Haven't had Cider for a while.  In my youth I loved #Whitelightening and #DiamondWhite Real p*ss heads drinks ,0,0,1,17,"['#Cider', '#Whitelightening', '#DiamondWhite']",[],['\\U0001f923'],https://pbs.twimg.com/profile_images/1704034813022203904/BmykoqfZ_normal.jpg
Aryan Shrivastav,@ReheAryan,2023-09-29T18:26:03.000Z,False,"Nifty 50-
The day opened at 19581 with a gap-up as the 15 minute trendline had been broken, although the day was not completely sideways as expected, but in bullish momentum.#NiftyFifty #nseindia",1,0,0,36,"['#NiftyFifty', '#nseindia']",[],[],https://pbs.twimg.com/profile_images/1429869362710601728/D-1wog_D_normal.jpg
Bank Nifty,@Bankniftyy,2023-09-29T18:20:37.000Z,False,"#BankNiftyOptions #banknifty #NiftyBank #nifty50 #nifty #niftyOptions #GIFTNIFTY #finnifty 
US House Fails to Pass Government Spending Bill",0,0,0,385,"['#BankNiftyOptions', '#banknifty', '#NiftyBank', '#nifty50', '#nifty', '#niftyOptions', '#GIFTNIFTY', '#finnifty']",[],[],https://pbs.twimg.com/profile_images/1674277168904572928/UAT_cVkh_normal.jpg
Falcon Trader ( Not a financial advisor),@Falcon_Trader_1,2023-09-29T18:16:29.000Z,False,"And it happened, does this work every time? I don’t really care about catching the top or bottom, just focus on price action and key level areas. #Nifty50If I don’t put charts everyday, doesn’t mean I don’t trade everyday. #nifty50trade #banknifty #Nifty",1,0,1,233,"['#Nifty50', '#nifty50trade', '#banknifty', '#Nifty']",[],[],https://pbs.twimg.com/profile_images/1660128688334331905/yPMM4bwp_normal.jpg
Neerav Yadav,@50_Eyes,2023-09-29T18:13:46.000Z,False,#CrudeOil #Gold #SPX #bitcoin #EURUSD #nifty50 #elliottwave #forex #tradingAll 5 trades discussed in the last webinar played out.138 trades discussed during last 81 webinars played out precisely.,0,0,0,142,"['#CrudeOil', '#Gold', '#SPX', '#bitcoin', '#EURUSD', '#nifty50', '#elliottwave', '#forex', '#trading']",[],"['\\U0001f525', '\\U0001f449']",https://pbs.twimg.com/profile_images/875639997877018624/zTTXokQZ_normal.jpg
Suresh Sharma,@SureshS75891954,2023-09-29T17:59:11.000Z,False,Our Position calls In nifty50|banknifty| 4-6 stocks give profit in option 100% to 200% max 300% in minimum 5 days to 15 + more days/session with daily logical SL (risk 20 - 30% ) example of calls given below:,0,0,0,99,[],[],[],https://pbs.twimg.com/profile_images/1688181928565047297/jNKv331U_normal.jpg
Moneymind,@chhadwamayur,2023-09-29T17:48:39.000Z,False,"Nifty is Pause Zone 
Rsi is also not Weak #Nifty #nifty50 #bullrun   ",0,0,0,106,"['#Nifty', '#nifty50', '#bullrun']","['@jitu_stock', '@Simple_trader_', '@SandeepKrJainTS']",[],https://pbs.twimg.com/profile_images/1704187444034424832/zMdOW_zE_normal.jpg
#NiftyLevels,@iNiftyLevel,2023-09-29T17:46:02.000Z,False,"As of now #GIFTNIFTY trading -116 (-0.59%).

We updated key #NiftyLevels just before #StockMarketindia opening. 

Level to Level #Analysis updated throughout the #trading session.

Our View for Tuesday, 3rd Oct 2023 is here http://t.me/iNiftyLevel.#nifty50 #Vedanta #Sensex",0,0,1,485,"['#GIFTNIFTY', '#NiftyLevels', '#StockMarketindia', '#Analysis', '#trading', '#nifty50', '#Vedanta', '#Sensex']",[],[],https://pbs.twimg.com/profile_images/1708463780726996992/6Rskrgdn_normal.jpg
Komal Securities..,@KomalSecurities,2023-09-29T17:40:44.000Z,False,"#AshokLeyland got order of 1282 diesel buses order from gujrat government. 

It is black horse stock of stock market for next 5 years you will feel the same as company will bring EV buses soon.#Komalsecurities #StockMarket #Nse #Equity #Investing #Nifty50.",0,0,5,300,"['#AshokLeyland', '#Komalsecurities', '#StockMarket', '#Nse', '#Equity', '#Investing', '#Nifty50']",[],[],https://pbs.twimg.com/profile_images/1137850588866048000/wAAQKWR1_normal.jpg
marketoffinance,@marketoffinance,2023-09-29T17:30:26.000Z,False,"Trading Advice 101 :

Remove the guesswork, have a plan

If A happens I will do B
If B doesn't happen I'll do C#stock #trading #market #stockmarket #sharemarket #banknifty #nifty50 #futures #stocks #options #sensex #nifty #nse #bse",0,0,1,144,"['#stock', '#trading', '#market', '#stockmarket', '#sharemarket', '#banknifty', '#nifty50', '#futures', '#stocks', '#options', '#sensex', '#nifty', '#nse', '#bse']",[],[],https://pbs.twimg.com/profile_images/1408126758293889025/ZGWwaOFp_normal.jpg
STOCK MANAGEMENT FORUM (Nifty50)(Banknifty),@forum_stock,2023-09-29T17:27:10.000Z,True,"#DowJones -188 points down but Indian Markets mostly manipulated today, Many ful time traders carried overnight longs now on 3rd oct see how's premium behaviour #nifty50 #banknifty",0,0,2,412,"['#DowJones', '#nifty50', '#banknifty']",[],[],https://pbs.twimg.com/profile_images/1556879555717365760/QRGFq4VS_normal.jpg
marketoffinance,@marketoffinance,2023-09-29T17:24:09.000Z,False,"Trading Advice 101 :

Do this for 6 months straight and your trading will 10x better

• One strategy
• Focus on %, not ₹
• 1-2 Trades a day max
• Remove negative distractions#stock #trading #market #stockmarket #sharemarket #banknifty #nifty50 #nse",0,0,2,89,"['#stock', '#trading', '#market', '#stockmarket', '#sharemarket', '#banknifty', '#nifty50', '#nse']",[],[],https://pbs.twimg.com/profile_images/1408126758293889025/ZGWwaOFp_normal.jpg
Stock market news tracker_DS,@deepika63379858,2023-09-29T17:23:22.000Z,False,Core Industries Data | Here's Apr-Aug eight core industries' growth and key industries' output data#nse #bse #sensex #nifty50 #banknifty   #sharemarket #indiansharemarket,0,1,2,32,"['#nse', '#bse', '#sensex', '#nifty50', '#banknifty', '#sharemarket', '#indiansharemarket']","['@nifty', '@niftybank']",[],https://pbs.twimg.com/profile_images/1657812573155123200/RV01NoA1_normal.jpg
RM reddy,@rmreddyg,2023-09-29T17:21:32.000Z,False,"  please add Nifty 50, Bank nifty and Nifty next 50 stocks as pre defined in watch list as per their weatage. In kite",0,0,0,23,[],"['@ZerodhaVarsity', '@Nithin0dha']",[],https://abs.twimg.com/sticky/default_profile_images/default_profile_normal.png
RM reddy,@rmreddyg,2023-09-29T17:21:17.000Z,False,"  please add Nifty 50, Bank nifty and Nifty next 50 stocks as pre defined in watch list as per their weatage. In kite",0,0,0,23,[],"['@CoinByZerodha', '@Nithin0dha']",[],https://abs.twimg.com/sticky/default_profile_images/default_profile_normal.png
RM reddy,@rmreddyg,2023-09-29T17:20:54.000Z,False,"  please add Nifty 50, Bank nifty and Nifty next 50 stocks as pre defined in watch list as per their weatage. In kite",0,0,1,28,[],"['@zerodhaonline', '@Nithin0dha']",[],https://abs.twimg.com/sticky/default_profile_images/default_profile_normal.png
RM reddy,@rmreddyg,2023-09-29T17:20:37.000Z,False,"  please add Nifty 50, Bank nifty and Nifty next 50 stocks as pre defined in watch list as per their weatage. In kite",0,0,1,23,[],"['@Nithin0dha', '@Nithin0dha']",[],https://abs.twimg.com/sticky/default_profile_images/default_profile_normal.png
Bank Nifty,@Bankniftyy,2023-09-29T17:20:32.000Z,False,"#BankNiftyOptions #banknifty #NiftyBank #nifty50 #nifty #niftyOptions #GIFTNIFTY #finnifty 
US stock falling as US House Voting on Govt Spending",0,0,0,353,"['#BankNiftyOptions', '#banknifty', '#NiftyBank', '#nifty50', '#nifty', '#niftyOptions', '#GIFTNIFTY', '#finnifty']",[],[],https://pbs.twimg.com/profile_images/1674277168904572928/UAT_cVkh_normal.jpg
nifty50trade,@nifty50trade,2023-09-29T17:20:03.000Z,False,"#nse #bse #dowjones#nasdaq #nifty50trade #sensex #nifty #nifty50""S&P 500, Nasdaq gain as softer PCE data supports rate-pause hopes""",0,0,1,201,"['#nse', '#bse', '#dowjones', '#nasdaq', '#nifty50trade', '#sensex', '#nifty', '#nifty50']",[],[],https://pbs.twimg.com/profile_images/1708401765367037952/3uyQYWxx_normal.jpg
nifty50trade,@nifty50trade,2023-09-29T17:19:47.000Z,False,"#nse #bse #dowjones#nasdaq #nifty50trade #sensex #nifty #nifty50""Nifty faces profit booking after strong start""",0,0,0,170,"['#nse', '#bse', '#dowjones', '#nasdaq', '#nifty50trade', '#sensex', '#nifty', '#nifty50']",[],[],https://pbs.twimg.com/profile_images/1708401765367037952/3uyQYWxx_normal.jpg
Hemant Singh,@hguy,2023-09-29T17:18:21.000Z,False,Todays #Nifty shows a Bullish Harami candle. Not the gali-wala harami. Its just the name. Just want to keep u good folk updated.#nifty50 #StockMarket,0,0,0,97,"['#Nifty', '#nifty50', '#StockMarket']",[],[],https://pbs.twimg.com/profile_images/1171425322937372672/T2UmZKEk_normal.jpg
Ajay Patel,@AjjuOyee,2023-09-29T17:15:42.000Z,False,"For those who post their #INTRADAY earning #PNLs online, How does your relative/friends react to you in person???

Isn't it feel like a torture!#justasking#StockMarket #QnA #stocks#StockMarketindia #Nifty#nifty50 #trading #BTC",0,0,5,266,"['#INTRADAY', '#PNLs', '#justasking', '#StockMarket', '#QnA', '#stocks', '#StockMarketindia', '#Nifty', '#nifty50', '#trading', '#BTC']",[],[],https://pbs.twimg.com/profile_images/1693953300083974144/h3YuOYCp_normal.jpg
Momentum Options Trader (MOT),@MOT_FNO,2023-09-29T17:14:58.000Z,True,"29th sept (Fri) - FNO Market - FIIs   

Cash: Bearish   
Options: Bullish
Futures: Bearish #banknifty #niftybank #nifty50 #GIFTNIFTY #sensex #finnifty #fiis #fiidata #nifty #StockMarketindia",0,0,2,488,"['#banknifty', '#niftybank', '#nifty50', '#GIFTNIFTY', '#sensex', '#finnifty', '#fiis', '#fiidata', '#nifty', '#StockMarketindia']",[],[],https://pbs.twimg.com/profile_images/1703922482770808833/Lb-g6l94_normal.jpg
Chart Man,@Chart_Man_India,2023-09-29T17:12:11.000Z,False,"29 Sep 2023

FII Sell: 1665
DII Buy: 2752 #nifty50 #PAKvNZ #investing #INFY #FII #DII",1,0,1,133,"['#nifty50', '#PAKvNZ', '#investing', '#INFY', '#FII', '#DII']",[],[],https://pbs.twimg.com/profile_images/1692955118956929024/c8_jTWnx_normal.jpg
"Puneet, Low risk options’ combinations,",@i2gain,2023-09-29T17:12:00.000Z,False,#Nifty recovery from lows is somewhat promising. 19500 – 19800 remains an important range.#Nifty50 #NiftyBank #OptionsTrading #StockMarket,1,3,4,361,"['#Nifty', '#Nifty50', '#NiftyBank', '#OptionsTrading', '#StockMarket']",[],[],https://pbs.twimg.com/profile_images/1193477848029286401/YIAo5rwt_normal.jpg
Vibhuti Sharma NISM Certified - Equity Derivative,@Vibhutisharma99,2023-09-29T17:05:14.000Z,False,"Intraday key levels of #nifty50 & #banknifty for 3rd Oct Focusing Range : 19497 ~ 19780 / 44265 ~ 44900 VIX Lower PCR Neutral Global -ve

Pov : Sell on rise unless close above 19780#OptionsTrading #optionstrade #Trader #intradaytrading #INTRADAY",0,1,10,543,"['#nifty50', '#banknifty', '#OptionsTrading', '#optionstrade', '#Trader', '#intradaytrading', '#INTRADAY']",[],"['\\u27a1\\ufe0f', '\\u27a1\\ufe0f', '\\u27a1\\ufe0f', '\\u27a1\\ufe0f']",https://pbs.twimg.com/profile_images/1622468575087972353/6T3I2fRm_normal.jpg
BullishContrarian,@Bullish2023,2023-09-29T16:58:04.000Z,False,"Last 10 years of October month #nifty returns
From -4.98% worst
To Best 9.83%

Hope nifty makes a new record this time.#nifty50 #StockMarket",1,0,4,520,"['#nifty', '#nifty50', '#StockMarket']",[],[],https://pbs.twimg.com/profile_images/1704378585258340352/wDlp2QG5_normal.jpg
IndianTrader,@Jagurts,2023-09-29T16:56:29.000Z,False,#banknifty #nifty50 #NiftyBank #sensex  Rs1029 brokerage and other charges extra.  All in option buying 1-3lots,0,0,0,20,"['#banknifty', '#nifty50', '#NiftyBank', '#sensex']",[],[],https://pbs.twimg.com/profile_images/1702687420741988353/XiLmxhoi_normal.jpg
Prudent Classes,@Prudent_FNO,2023-09-29T16:53:07.000Z,False,"29.09.2023:NIFTY 50 19638.30 +114.75 (0.59%)
NIFTY BANK 44584.55 +283.60 (0.64%)
Mkt opened with some gap-up & +ve bias on the back of resiliance shown by US mkt y'day which then built-up to a fresh upside recovering y'day's loss AFA Nifty's concerned. All sectoral indices..",1,0,0,34,[],[],[],https://pbs.twimg.com/profile_images/1506891674194427908/cF2IgOCn_normal.jpg
Patakota Venkateswar,@PatakotaV,2023-09-29T16:51:26.000Z,False,"HDFC Bank will be evaluated against global peers, says Jefferies report https://msn.com/en-in/money/news/hdfc-bank-will-be-evaluated-against-global-peers-says-jefferies-report/ar-AA1hn0vQ?ocid=socialshare… 
If #HDFCBank has to be evaluated against global peers then valuation looks high and need to grow 16-17% next one decade#nifty #nifty50 #markets #giftnifty #options #trading #india",0,1,1,224,"['#HDFCBank', '#nifty', '#nifty50', '#markets', '#giftnifty', '#options', '#trading', '#india']",[],[],https://pbs.twimg.com/profile_images/1581955931394695168/LlBnMF1d_normal.jpg
Daily Trader,@kiran90590,2023-09-29T16:46:07.000Z,False,"Verified and validated! Here's my verified P&L from , supported by  #VerifiedBy1lyOptions #TransparentTrading #Nifty #NiftyBank #Nifty50 #NiftyOptions",0,0,2,115,"['#VerifiedBy1lyOptions', '#TransparentTrading', '#Nifty', '#NiftyBank', '#Nifty50', '#NiftyOptions']","['@aliceblue_india', '@1lyOptions']",[],https://pbs.twimg.com/profile_images/1698973035674689536/gp3wx4YM_normal.jpg
trader chat,@traderchatting,2023-09-29T16:45:41.000Z,False," big news Fill and dii data by NSDL 

Disclaimer
1.This post is only for educational purposes#nifty50  #Trader#sharemarket #sharemarketindia#GIFTNIFTY #BigNews",0,0,0,133,"['#nifty50', '#Trader', '#sharemarket', '#sharemarketindia', '#GIFTNIFTY', '#BigNews']",[],"['\\U0001f6d1', '\\U0001f6d1']",https://pbs.twimg.com/profile_images/1685206232666349568/qnrvdJ_v_normal.jpg
Rishi Sukheja,@RishiSukheja,2023-09-29T16:45:26.000Z,False,"Nifty
1 Week view#nifty #nifty50 #nseindia #NiftyFifty #stockmarket #StockMarketindia #stocks",0,0,0,100,"['#nifty', '#nifty50', '#nseindia', '#NiftyFifty', '#stockmarket', '#StockMarketindia', '#stocks']",[],[],https://pbs.twimg.com/profile_images/1069695759900131328/2wMDXQPD_normal.jpg
trader chat,@traderchatting,2023-09-29T16:43:39.000Z,False," NIFTY BANK Disclaimer
1.This post is only for educational purposes#nifty50 #NiftyBank #Traders#sharemarket #sharemarketindia #Banking #stocks",0,0,0,93,"['#nifty50', '#NiftyBank', '#Traders', '#sharemarket', '#sharemarketindia', '#Banking', '#stocks']",[],"['\\U0001f6d1', '\\U0001f6d1']",https://pbs.twimg.com/profile_images/1685206232666349568/qnrvdJ_v_normal.jpg
trader chat,@traderchatting,2023-09-29T16:42:58.000Z,False," Nifty News Disclaimer 
1.This post is only for educational purposes#nifty50 #NiftyBank #Trader#sharemarketindia #stockmarketnews #GIFTNIFTY",0,0,0,135,"['#nifty50', '#NiftyBank', '#Trader', '#sharemarketindia', '#stockmarketnews', '#GIFTNIFTY']",[],"['\\U0001f6d1', '\\U0001f6d1']",https://pbs.twimg.com/profile_images/1685206232666349568/qnrvdJ_v_normal.jpg
NamanDubey22,@NamanDu00017790,2023-09-29T16:42:44.000Z,False,"Wow
Selling from levels  #dowjones #NASDAQ100 #NASDAQ #wallstreet #Stocks #StockMarket #stockmarketcrash #usmarket#TradingView #nifty50 #NiftyBank #dalalastreet",0,0,0,225,"['#dowjones', '#NASDAQ100', '#NASDAQ', '#wallstreet', '#Stocks', '#StockMarket', '#stockmarketcrash', '#usmarket', '#TradingView', '#nifty50', '#NiftyBank', '#dalalastreet']",['@RetirementRight'],['\\U0001f601'],https://pbs.twimg.com/profile_images/1690976269792624640/q8MNB1K9_normal.jpg
Sallu,@Saleem_Sallu16,2023-09-29T16:41:14.000Z,False,  Noble in Nifty 50,0,0,0,39,[],['@PRSundar64'],[],https://abs.twimg.com/sticky/default_profile_images/default_profile_normal.png
Vijay,@hiwistler,2023-09-29T16:39:12.000Z,False,"#SunPharma   2.38%#AurobindoPharma  4.97%US markets are mixed at this time.  Dow Jones down a bit, and SPX / Nasdaq up#nifty50",0,0,0,150,"['#SunPharma', '#AurobindoPharma', '#nifty50']",[],"['\\U0001f53a', '\\U0001f53a', '\\U0001f6d1']",https://pbs.twimg.com/profile_images/1622693603930738708/HS2xdKXE_normal.jpg
TRIUMPHANTSYNTHWAVE,@TRIUMPHANTSYNTH,2023-09-29T16:35:54.000Z,False,"#StockMarket is not a career

Any1 who made it a one is an ""extremely extremely rare exception"" 

Exceptions are not cardinal rules.

There are tonnes of young guys floating on social media, they are swindlers, fooling with their fancy, fraudulent profits.#NSE #NIFTY50 #INDIA",0,0,1,312,"['#StockMarket', '#NSE', '#NIFTY50', '#INDIA']",[],[],https://pbs.twimg.com/profile_images/1525418028145356802/3tSExfWQ_normal.jpg
mani kumar,@mani52054,2023-09-29T16:34:29.000Z,False,Tuesday #Banknifty Opening??? [ 3rd Oct ]#niftybank #sensex #index #nifty50 #stock #f&o #optiontrading #finnifty #indices,0,0,0,137,"['#Banknifty', '#niftybank', '#sensex', '#index', '#nifty50', '#stock', '#f', '#optiontrading', '#finnifty', '#indices']",[],[],https://pbs.twimg.com/profile_images/1153544686818099200/Uv_yQ109_normal.jpg
mani kumar,@mani52054,2023-09-29T16:30:39.000Z,False,"#Ntpc 5% Up [Strong Momentum Stock ]

[Watch Detailed Analysis] https://youtu.be/dPJpoJlr2XIJoin for intraday #telegram https://t.me/Banknifty_Intraday_Trade… #btst #stockmarket #trading #nifty50 #trendingreels #sensex #Breakout  #TrendingNow  #stock #SwingTrading #stockstowatch",0,0,1,163,"['#Ntpc', '#telegram', '#btst', '#stockmarket', '#trading', '#nifty50', '#trendingreels', '#sensex', '#Breakout', '#TrendingNow', '#stock', '#SwingTrading', '#stockstowatch']",[],"['\\U0001f680', '\\U0001f447', '\\U0001f447', '\\U0001f447']",https://pbs.twimg.com/profile_images/1153544686818099200/Uv_yQ109_normal.jpg
mani kumar,@mani52054,2023-09-29T16:30:01.000Z,False,"#Ntpc 5% Up [Strong Momentum Stock ]

[Watch Detailed Analysis] https://youtu.be/dPJpoJlr2XIJoin for intraday #telegram https://t.me/Banknifty_Intraday_Trade… #btst #stockmarket #trading #nifty50 #trendingreels #sensex #Breakout  #TrendingNow  #stock #SwingTrading #stockstowatch",0,1,2,176,"['#Ntpc', '#telegram', '#btst', '#stockmarket', '#trading', '#nifty50', '#trendingreels', '#sensex', '#Breakout', '#TrendingNow', '#stock', '#SwingTrading', '#stockstowatch']",[],"['\\U0001f680', '\\U0001f447', '\\U0001f447', '\\U0001f447']",https://pbs.twimg.com/profile_images/1153544686818099200/Uv_yQ109_normal.jpg
Vijay,@hiwistler,2023-09-29T16:29:14.000Z,False,#HINDALCO  Hindalco Industries  +5.65%Daily and weekly chart#nifty50,0,0,0,101,"['#HINDALCO', '#nifty50']",[],['\\u2705'],https://pbs.twimg.com/profile_images/1622693603930738708/HS2xdKXE_normal.jpg
mani kumar,@mani52054,2023-09-29T16:18:36.000Z,False,"#NavinFluorine  -15% [Reversal Strategy ]

[Watch Detailed Analysis] https://youtu.be/aQtl13jvw9gJoin for intraday #telegram https://t.me/Banknifty_Intraday_Trade… #btst #stockmarket #stocks #trading #nifty50 #trendingreels #index #sensex #Breakout #TrendingNow  #stock #SwingTrading",0,1,1,241,"['#NavinFluorine', '#telegram', '#btst', '#stockmarket', '#stocks', '#trading', '#nifty50', '#trendingreels', '#index', '#sensex', '#Breakout', '#TrendingNow', '#stock', '#SwingTrading']",[],"['\\U0001f975', '\\U0001f680', '\\U0001f447', '\\U0001f447', '\\U0001f447']",https://pbs.twimg.com/profile_images/1153544686818099200/Uv_yQ109_normal.jpg
mani kumar,@mani52054,2023-09-29T16:13:38.000Z,False,"#NavinFluorine  -15% [Reversal Strategy ]

[Watch Detailed Analysis] https://youtu.be/aQtl13jvw9gJoin for intraday #telegram https://t.me/Banknifty_Intraday_Trade… #btst #stockmarket #stocks #trading #nifty50 #trendingreels #index #sensex #Breakout #TrendingNow  #stock #SwingTrading",0,1,1,223,"['#NavinFluorine', '#telegram', '#btst', '#stockmarket', '#stocks', '#trading', '#nifty50', '#trendingreels', '#index', '#sensex', '#Breakout', '#TrendingNow', '#stock', '#SwingTrading']",[],"['\\U0001f975', '\\U0001f680', '\\U0001f447', '\\U0001f447', '\\U0001f447']",https://pbs.twimg.com/profile_images/1153544686818099200/Uv_yQ109_normal.jpg
Stock market news tracker_DS,@deepika63379858,2023-09-29T16:12:41.000Z,False,"News Alert | IHC statement on enhancing shareholder value, rebalancing investment portfolio, partnership with Adani and more#nse #bse #sensex #nifty50 #banknifty   #sharemarket #indiansharemarket",0,1,1,57,"['#nse', '#bse', '#sensex', '#nifty50', '#banknifty', '#sharemarket', '#indiansharemarket']","['@nifty', '@niftybank']",[],https://pbs.twimg.com/profile_images/1657812573155123200/RV01NoA1_normal.jpg
Stock market news tracker_DS,@deepika63379858,2023-09-29T16:12:10.000Z,False,"Auto stocks move higher ahead of monthly sales numbers, hero up 3%

IT stocks fail to hold intra-day gains, LTIM, Tech Mah, HCL top losers

Navin Fluorine slides 14% as md of the company resigns#nse #bse #sensex #nifty50 #banknifty   #sharemarket",0,1,1,71,"['#nse', '#bse', '#sensex', '#nifty50', '#banknifty', '#sharemarket']","['@nifty', '@niftybank']",[],https://pbs.twimg.com/profile_images/1657812573155123200/RV01NoA1_normal.jpg
narasimha chowdary,@NarasimhaKaturi,2023-09-29T16:10:09.000Z,False,Tomorrow vl b d last day to exchange ur 2000/- note.#nifty50 #banknifty #TwitterX #Nifty #PFC #Chowdary #HDFCBank #sbi,0,1,0,289,"['#nifty50', '#banknifty', '#TwitterX', '#Nifty', '#PFC', '#Chowdary', '#HDFCBank', '#sbi']",[],[],https://pbs.twimg.com/profile_images/1576177288659755008/jWmry3Hv_normal.jpg
Stock market news tracker_DS,@deepika63379858,2023-09-29T16:09:45.000Z,False,"ShyamMetalics looking at incremental demand for components of Litium-ion cells by next year, says Director SheetijAgarwal#nse #bse #sensex #nifty50 #banknifty   #sharemarket #indiansharemarket",0,2,2,53,"['#nse', '#bse', '#sensex', '#nifty50', '#banknifty', '#sharemarket', '#indiansharemarket']","['@nifty', '@niftybank']",[],https://pbs.twimg.com/profile_images/1657812573155123200/RV01NoA1_normal.jpg
Stock market news tracker_DS,@deepika63379858,2023-09-29T16:07:56.000Z,False,"The Indian travel industry has urged the government to roll back the “draconian” TCS on foreign tours that kicks in from October 1, 2023, and instead mandate a standard 2.5% on all foreign spends by individuals who hold a valid PAN Card. #nse #bse #sensex #nifty50 #banknifty",0,1,2,73,"['#nse', '#bse', '#sensex', '#nifty50', '#banknifty']",[],[],https://pbs.twimg.com/profile_images/1657812573155123200/RV01NoA1_normal.jpg
Stock market news tracker_DS,@deepika63379858,2023-09-29T16:05:39.000Z,False,#AshokLeyland gets orders for 1282 buses from Gujarat State Road Transport Corporation: Exchange Filing.#nse #bse #sensex #nifty50 #banknifty   #sharemarket #indiansharemarket,0,2,2,71,"['#AshokLeyland', '#nse', '#bse', '#sensex', '#nifty50', '#banknifty', '#sharemarket', '#indiansharemarket']","['@nifty', '@niftybank']",[],https://pbs.twimg.com/profile_images/1657812573155123200/RV01NoA1_normal.jpg
Stock market news tracker_DS,@deepika63379858,2023-09-29T16:04:39.000Z,False,"#JalanKalrock consortium fulfilled total financial commitment of Rs 350 crore, stand fulfilled to take control of #JetAirways.#nse #bse #sensex #nifty50 #banknifty   #sharemarket #indiansharemarket",0,2,2,53,"['#JalanKalrock', '#JetAirways', '#nse', '#bse', '#sensex', '#nifty50', '#banknifty', '#sharemarket', '#indiansharemarket']","['@nifty', '@niftybank']",[],https://pbs.twimg.com/profile_images/1657812573155123200/RV01NoA1_normal.jpg
Stock market news tracker_DS,@deepika63379858,2023-09-29T16:04:54.000Z,False,"#Sterling & #Wilson #Renewable Energy bags new order worth Rs 1,535 cr from NTPC REL in Khavda, Gujarat#nse #bse #sensex #nifty50 #banknifty   #sharemarket #indiansharemarket",0,2,2,36,"['#Sterling', '#Wilson', '#Renewable', '#nse', '#bse', '#sensex', '#nifty50', '#banknifty', '#sharemarket', '#indiansharemarket']","['@nifty', '@niftybank']",[],https://pbs.twimg.com/profile_images/1657812573155123200/RV01NoA1_normal.jpg
Sunil Varma,@VasittiS,2023-09-29T16:04:13.000Z,False,Update 29sep23 : #nifty50 5min opened small gapup then wedge bottom higher low major trend reversal breakout mode consicutive big bull surprice bars probably 2legs up move late selloff probably profit taking by the bull's #nifty50 #niftyOptions #NiftyBank #optionbuying #Follow,0,0,1,61,"['#nifty50', '#nifty50', '#niftyOptions', '#NiftyBank', '#optionbuying', '#Follow']",[],[],https://pbs.twimg.com/profile_images/1649763430562435073/Po2Bu4-Z_normal.jpg
Stock market news tracker_DS,@deepika63379858,2023-09-29T16:04:13.000Z,False,Exclusive | #SEBI kept #MCX's platform launch in abeyance to allay concerns of investors: sources tell ET NOW — #Ankur Mishra reports.#nse #bse #sensex #nifty50 #banknifty   #sharemarket #indiansharemarket,0,2,2,81,"['#SEBI', '#MCX', '#Ankur', '#nse', '#bse', '#sensex', '#nifty50', '#banknifty', '#sharemarket', '#indiansharemarket']","['@nifty', '@niftybank']",[],https://pbs.twimg.com/profile_images/1657812573155123200/RV01NoA1_normal.jpg
Stock market news tracker_DS,@deepika63379858,2023-09-29T16:03:35.000Z,False,"September onwards credit demand has improved, rural demand has come back. Expect 18% AUM guidance for FY24 vs. 15% guidance earlier: #Umesh Revankar, #Shriram #Finance to #CNBC-TV18#nse #bse #sensex #nifty50 #banknifty   #sharemarket #indiansharemarket",0,2,2,49,"['#Umesh', '#Shriram', '#Finance', '#CNBC', '#nse', '#bse', '#sensex', '#nifty50', '#banknifty', '#sharemarket', '#indiansharemarket']","['@nifty', '@niftybank']",[],https://pbs.twimg.com/profile_images/1657812573155123200/RV01NoA1_normal.jpg
Market Hacks,@markethacks_mh,2023-09-29T16:03:30.000Z,False,FNO DATA 29092023#Nifty #nifty50 #banknifty #BankNiftyOptions #StockMarket #StockMarketindia #StocksToBuy #investing #investments #TradingView #trading,0,0,2,251,"['#Nifty', '#nifty50', '#banknifty', '#BankNiftyOptions', '#StockMarket', '#StockMarketindia', '#StocksToBuy', '#investing', '#investments', '#TradingView', '#trading']",[],[],https://pbs.twimg.com/profile_images/1490295331988197385/s8ZSL-02_normal.jpg
Sanjay Satra,@SatraSanjay17,2023-09-29T16:03:22.000Z,True,"Due to time constraint , we are not posting daily #Verified P&L's
We keep posting summarized P&L every 15 or 30 days 
Any one wanting to see our master account online is more than welcome #transparency #nifty50 #NiftyBank #niftyOptions #nifty50trade #expiry #OptionsTrading… Show more",0,0,1,108,"['#Verified', '#transparency', '#nifty50', '#NiftyBank', '#niftyOptions', '#nifty50trade', '#expiry', '#OptionsTrading']",[],[],https://pbs.twimg.com/profile_images/1474331220699795459/959E4hXs_normal.jpg
Finglory Financial Services,@FingloryFin,2023-09-29T16:00:54.000Z,False,"Feedback of Premium Member, Profit Booked of 66kJoin Our Public Channel :https://telegram.im/fingloryfinancialservices…#OptionsTrading #Nifty #nifty50 #NiftyBank #banknifty #INTRADAY #intradaytrading #StockMarketindia #niftyOptions #BankNiftyOptions #trading #investing",0,1,2,52,"['#OptionsTrading', '#Nifty', '#nifty50', '#NiftyBank', '#banknifty', '#INTRADAY', '#intradaytrading', '#StockMarketindia', '#niftyOptions', '#BankNiftyOptions', '#trading', '#investing']",[],"['\\u2764\\ufe0f', '\\u2764\\ufe0f']",https://pbs.twimg.com/profile_images/1574416059754369024/9iEyt-ZK_normal.jpg
Vinay Reddy,@TraderByNatureA,2023-09-29T16:00:48.000Z,False,"Today FII sold 1685.70 cr
DII bought 2751.49 cr#StockToWatch#StockMarketindia#StocksToBuy#microcap#giftnifty#mutualfunds#nifty50#NiftyBank",0,0,0,110,"['#StockToWatch', '#StockMarketindia', '#StocksToBuy', '#microcap', '#giftnifty', '#mutualfunds', '#nifty50', '#NiftyBank']",[],[],https://pbs.twimg.com/profile_images/1702714019428122624/uikYfzHT_normal.jpg
Satyam Tiwari,@SatyamT279470,2023-09-29T16:00:37.000Z,False,#PARAGMILK #nifty50 #banknifty #StocksInNews #stockstowatch #StocksToTrade #StocksInFocus ,0,0,1,203,"['#PARAGMILK', '#nifty50', '#banknifty', '#StocksInNews', '#stockstowatch', '#StocksToTrade', '#StocksInFocus']",['@Trading'],"['\\U0001f525', '\\U0001f680', '\\U0001f525', '\\U0001f680']",https://pbs.twimg.com/profile_images/1625923165137555456/-tX8eYNs_normal.jpg
ELEVEN2800,@ELEVEN2800,2023-09-29T15:59:19.000Z,False,#nifty50  #NiftyFifty  as I said no pull back sustained I expect 18800/18600 consolidation levels for the month after we breach 19000 ,0,0,1,69,"['#nifty50', '#NiftyFifty']",[],"['\\U0001f528', '\\u2705']",https://pbs.twimg.com/profile_images/1701689760149032960/uwUz5EDx_normal.jpg
Stocks to buy / avoid,@Sarab75219750,2023-09-29T15:58:30.000Z,True,#NavinFluorine rsi is 16 nowafter today huge fall be careful in shorting it now u might get a intraday weakness but can sustain there before rsi gets up to 30 to 40 . #stockmarkets #nifty50 #dowjones #chemical,0,0,2,741,"['#NavinFluorine', '#stockmarkets', '#nifty50', '#dowjones', '#chemical']",[],[],https://pbs.twimg.com/profile_images/1338548183471771649/a3BPPG3p_normal.jpg
Stock market news tracker_DS,@deepika63379858,2023-09-29T15:57:19.000Z,False,MCX's new trading platform: SEBI advises Multi Commodity Exchange to keep Go-Live of new Commodity Derivatives Platform 'in abeyance'#nse #bse #sensex #nifty50 #banknifty   #sharemarket #indiansharemarket,0,2,2,57,"['#nse', '#bse', '#sensex', '#nifty50', '#banknifty', '#sharemarket', '#indiansharemarket']","['@nifty', '@niftybank']",[],https://pbs.twimg.com/profile_images/1657812573155123200/RV01NoA1_normal.jpg
Stock market news tracker_DS,@deepika63379858,2023-09-29T15:55:39.000Z,False,"#Global Comments | #Fed's Chair, #Jerome #Powell says public's understanding key to Fed impact on economy#nse #bse #sensex #nifty50 #banknifty   #sharemarket #indiansharemarket",0,2,2,98,"['#Global', '#Fed', '#Jerome', '#Powell', '#nse', '#bse', '#sensex', '#nifty50', '#banknifty', '#sharemarket', '#indiansharemarket']","['@nifty', '@niftybank']",[],https://pbs.twimg.com/profile_images/1657812573155123200/RV01NoA1_normal.jpg
Stock market news tracker_DS,@deepika63379858,2023-09-29T15:55:18.000Z,False,"#CLSA gives #sell call on #Maruti, says momentum is unlikely to sustain in FY25-26 as competition scales up its launches, EV launches will drag margin of PV OEMs#nse #bse #sensex #nifty50 #banknifty   #sharemarket #indiansharemarket",0,0,1,59,"['#CLSA', '#sell', '#Maruti', '#nse', '#bse', '#sensex', '#nifty50', '#banknifty', '#sharemarket', '#indiansharemarket']","['@nifty', '@niftybank']",[],https://pbs.twimg.com/profile_images/1657812573155123200/RV01NoA1_normal.jpg
Stocks to buy / avoid,@Sarab75219750,2023-09-29T15:55:00.000Z,True,#deltacorp current rsi is 18 if u looking to short it be careful its in huge oversold range now wait for rsi to come between 30 to 40 . Till then it will not fall . #stockmarket #nifty50 #casino,3,0,3,714,"['#deltacorp', '#stockmarket', '#nifty50', '#casino']",[],[],https://pbs.twimg.com/profile_images/1338548183471771649/a3BPPG3p_normal.jpg
Mohd Kaleem,@moka1leem,2023-09-29T15:54:50.000Z,False,"Stock To Watch  
 #MnM @ 1554 1D TF 
Trendline Support & 
50 EMA Support
------------------------------#stockmarkets #StockMarketindia #StocksInFocus #BreakoutStock #StockToBuy #StockToWatch #nifty #stocks #StocksToBuy #SEBI #zerodha #AdaniGroup #Nifty #nifty50",1,0,1,117,"['#MnM', '#stockmarkets', '#StockMarketindia', '#StocksInFocus', '#BreakoutStock', '#StockToBuy', '#StockToWatch', '#nifty', '#stocks', '#StocksToBuy', '#SEBI', '#zerodha', '#AdaniGroup', '#Nifty', '#nifty50']",[],['\\U0001f441\\ufe0f'],https://pbs.twimg.com/profile_images/1705295827886014464/3tWJ1Ken_normal.jpg
ASHISH KUMAR,@mulyankanguruku,2023-09-29T15:54:46.000Z,False,"#nifty50 #valuation 

Imp update : 

July closing & Sept Nifty closing is similar. 
But 2 major change happened : 

Firstly , EPS has risen from 825 to 885. 

*Secondly , P/BV fell from 4.7 to 3.5*",0,0,0,659,"['#nifty50', '#valuation']",[],[],https://pbs.twimg.com/profile_images/1302538088846032896/UybPyl0X_normal.jpg
Stock market news tracker_DS,@deepika63379858,2023-09-29T15:54:14.000Z,False,#CLSA on 3Maruti maintains sell#nse #bse #sensex #nifty50 #banknifty   #sharemarket #indiansharemarket,0,2,2,26,"['#CLSA', '#nse', '#bse', '#sensex', '#nifty50', '#banknifty', '#sharemarket', '#indiansharemarket']","['@nifty', '@niftybank']",[],https://pbs.twimg.com/profile_images/1657812573155123200/RV01NoA1_normal.jpg
Stock market news tracker_DS,@deepika63379858,2023-09-29T15:53:53.000Z,False,#Jefferies on #L&T maintains buy#nse #bse #sensex #nifty50 #banknifty   #sharemarket #indiansharemarket,0,2,2,44,"['#Jefferies', '#L', '#nse', '#bse', '#sensex', '#nifty50', '#banknifty', '#sharemarket', '#indiansharemarket']","['@nifty', '@niftybank']",[],https://pbs.twimg.com/profile_images/1657812573155123200/RV01NoA1_normal.jpg
Stock market news tracker_DS,@deepika63379858,2023-09-29T15:53:32.000Z,False,"""Solid demand growth bodes well for earnings,"" #Macquarie notes on #cementindustry.#nse #bse #sensex #nifty50 #banknifty   #sharemarket #indiansharemarket",0,2,2,54,"['#Macquarie', '#cementindustry', '#nse', '#bse', '#sensex', '#nifty50', '#banknifty', '#sharemarket', '#indiansharemarket']","['@nifty', '@niftybank']",[],https://pbs.twimg.com/profile_images/1657812573155123200/RV01NoA1_normal.jpg
Stock market news tracker_DS,@deepika63379858,2023-09-29T15:52:59.000Z,False,#Nomura maintains cautious stance on #ITsector#nse #bse #sensex #nifty50 #banknifty   #sharemarket #indiansharemarket,0,2,4,62,"['#Nomura', '#ITsector', '#nse', '#bse', '#sensex', '#nifty50', '#banknifty', '#sharemarket', '#indiansharemarket']","['@nifty', '@niftybank']",[],https://pbs.twimg.com/profile_images/1657812573155123200/RV01NoA1_normal.jpg
Stock market news tracker_DS,@deepika63379858,2023-09-29T15:52:42.000Z,False,Expect Indian ROEs to rise in 2023 and 2024: #Morgan Stanley#nse #bse #sensex #nifty50 #banknifty   #sharemarket #indiansharemarket,0,2,2,60,"['#Morgan', '#nse', '#bse', '#sensex', '#nifty50', '#banknifty', '#sharemarket', '#indiansharemarket']","['@nifty', '@niftybank']",[],https://pbs.twimg.com/profile_images/1657812573155123200/RV01NoA1_normal.jpg
Stock market news tracker_DS,@deepika63379858,2023-09-29T15:52:20.000Z,False,"#Jefferies gives buy #Chola Fin, says co launched equity issuance through QIP of up to Rs 2,000 cr. CCDS will be convertible at 15/16.5% discount to avg share price during Sept 25-26#nse #bse #sensex #nifty50 #banknifty   #sharemarket #indiansharemarket",0,2,2,68,"['#Jefferies', '#Chola', '#nse', '#bse', '#sensex', '#nifty50', '#banknifty', '#sharemarket', '#indiansharemarket']","['@nifty', '@niftybank']",[],https://pbs.twimg.com/profile_images/1657812573155123200/RV01NoA1_normal.jpg
Stock market news tracker_DS,@deepika63379858,2023-09-29T15:51:38.000Z,False,#Sentimental negative for #MCXMCX Says-  SEBI Advises The Exchange To Keep The Proposed Go-Live Of CDP In Abeyanc#nse #bse #sensex #nifty50 #banknifty   #sharemarket #indiansharemarket,0,2,3,71,"['#Sentimental', '#MCX', '#nse', '#bse', '#sensex', '#nifty50', '#banknifty', '#sharemarket', '#indiansharemarket']","['@nifty', '@niftybank']",[],https://pbs.twimg.com/profile_images/1657812573155123200/RV01NoA1_normal.jpg
Vinod,@Vinodrt,2023-09-29T15:47:54.000Z,False,#VEDL #stockstobuy #Breakoutstocks - I wont mind taking a risk at cmp #rsistudy #stockstudy #nifty50 #investing #sensex #trading #nse #traders #stockstotrade #stockmarket #marketing #investing #zerodha,1,0,3,241,"['#VEDL', '#stockstobuy', '#Breakoutstocks', '#rsistudy', '#stockstudy', '#nifty50', '#investing', '#sensex', '#trading', '#nse', '#traders', '#stockstotrade', '#stockmarket', '#marketing', '#investing', '#zerodha']",[],[],https://pbs.twimg.com/profile_images/1645383615973560320/ZgM2vIAy_normal.jpg
Stockify,@Stockify16,2023-09-29T15:47:03.000Z,False,"Ashoka Buildcon

50% Return In Just 3 Months

Holding for Target 155

Amazing Returns #BREAKOUTSTOCKS #StockMarketindia#Bullish #BullMarket #StocksInFocus #Nifty #Nifty50 #Banknifty #Niftybank #Stocks #Stockstobuy#StockmarketIndia #stockstowatch",0,0,2,281,"['#BREAKOUTSTOCKS', '#StockMarketindia', '#Bullish', '#BullMarket', '#StocksInFocus', '#Nifty', '#Nifty50', '#Banknifty', '#Niftybank', '#Stocks', '#Stockstobuy', '#StockmarketIndia', '#stockstowatch']",[],['\\U0001f60d'],https://pbs.twimg.com/profile_images/1703426352568025088/jOaWtsyo_normal.jpg
The Solo Trader,@the_solo_trader,2023-09-29T15:43:44.000Z,False,"Iron Condor Strategy
October 1st Week Trade Update Managed Risk Intraday Wise #sharemarket #BankNiftyOptions #Banknifty #tradingpsychology #TradingSignals #tradingstrategy #TradingOpportunity #nifty50",0,0,0,90,"['#sharemarket', '#BankNiftyOptions', '#Banknifty', '#tradingpsychology', '#TradingSignals', '#tradingstrategy', '#TradingOpportunity', '#nifty50']",[],"['\\U0001f64b\\U0001f3fc\\u200d\\u2642\\ufe0f', '\\U0001f4af']",https://pbs.twimg.com/profile_images/1575746171288838144/SoaI18OS_normal.jpg
Raj Kumar-Option Trader,@RealRajkr,2023-09-29T15:42:47.000Z,False,"Why trader post everyday that today gain so  n so.
Are they reporting to someone . #fake #finfluenccer #furus #nifty50",0,0,0,43,"['#fake', '#finfluenccer', '#furus', '#nifty50']",[],['\\U0001f914'],https://pbs.twimg.com/profile_images/1586584283053174784/84Nb0biJ_normal.jpg
Stock analayzer _UV,@FanclubDanish,2023-09-29T15:42:16.000Z,False,"Kesa Raha aapka pura #week .
What's your view for #Tuesday.#Nifty #nifty50 #banknifty #sharemarket #PAKvNZ #PAKvsNZ #Balochistan #AsianGames2023 #StocksToBuy",0,0,1,405,"['#week', '#Tuesday', '#Nifty', '#nifty50', '#banknifty', '#sharemarket', '#PAKvNZ', '#PAKvsNZ', '#Balochistan', '#AsianGames2023', '#StocksToBuy']",[],[],https://pbs.twimg.com/profile_images/1703459612308246528/PlxMdEAQ_normal.jpg
Reliable Trader,@reliabletrader0,2023-09-29T15:40:13.000Z,False,"#today My Performance and #Retruns 
Watch My Telegram Channel 
➤ https://t.me/reliable_trader0…#nifty #nifty50 #NiftyBank #trading #Strategy #StocksToBuy #stocks #StockMarket #sharemarket #OptionsTrading #TradingView #tradingpsychology #optiontrading #optionbuying",0,0,0,111,"['#today', '#Retruns', '#nifty', '#nifty50', '#NiftyBank', '#trading', '#Strategy', '#StocksToBuy', '#stocks', '#StockMarket', '#sharemarket', '#OptionsTrading', '#TradingView', '#tradingpsychology', '#optiontrading', '#optionbuying']",[],[],https://pbs.twimg.com/profile_images/1630006568703107073/ethmudYY_normal.jpg
Stocks to buy / avoid,@Sarab75219750,2023-09-29T15:39:41.000Z,True,Made a low of 2250 today nearly 500rs gone in 4 days #nuvamawealth #nifty50 #StocksToBuy #stockmarkets #dowjones,1,0,5,"1,024","['#nuvamawealth', '#nifty50', '#StocksToBuy', '#stockmarkets', '#dowjones']",[],[],https://pbs.twimg.com/profile_images/1338548183471771649/a3BPPG3p_normal.jpg
Ankit Patel,@AnkitPatel351,2023-09-29T15:39:30.000Z,False,"My latest video of IronFly September Expiry Trade.

44000 rs profit

RoI = 4% appx#OptionsTrading#Optionselling#Ironfly#zerodha#sensibull#nifty50#niftyOptions",0,0,1,55,"['#OptionsTrading', '#Optionselling', '#Ironfly', '#zerodha', '#sensibull', '#nifty50', '#niftyOptions']",[],[],https://pbs.twimg.com/profile_images/1625211405711605760/r4vQu_SX_normal.jpg
Chartered Investor,@equity_reward,2023-09-29T15:37:55.000Z,False,"#Nifty50 #stockmarketcrash 

FII 
Index Futures 
Long Short ratio 28: 72 
 
FII net sold -  ₹ 1685 cr 
DII net bought + ₹ 2751 cr

It seems we may soon see some decent short covering in future

Nifty target  21000",0,0,0,87,"['#Nifty50', '#stockmarketcrash']",[],['\\U0001f3af'],https://pbs.twimg.com/profile_images/1361057727716368385/gf5bk0GD_normal.jpg
Rishi Rajdev,@rajdev_rishi,2023-09-29T15:36:35.000Z,False,"""The big money is not in the buying or selling, but in waiting""
    ~ Charlie Munger

Many times even the dumbest of the decisions look extremely good & fruitful if you give it enough time to play it's part.#investing #nifty #nifty50 #stockmarkets #banknifty",0,0,2,142,"['#investing', '#nifty', '#nifty50', '#stockmarkets', '#banknifty']",[],[],https://pbs.twimg.com/profile_images/1593588659839963136/cvoooSs4_normal.jpg
Rahul Datta.,@tweetoRahul,2023-09-29T15:35:52.000Z,False, govt. shutdown poised to start on this Sunday. #IndianEquity #Indian #CapitalMarket #Boom #Sustainable #Economy #Growth #Nifty50 #Sensex #BankNifty  will Lead from the front.,0,0,0,78,"['#IndianEquity', '#Indian', '#CapitalMarket', '#Boom', '#Sustainable', '#Economy', '#Growth', '#Nifty50', '#Sensex', '#BankNifty']",[],"['\\U0001f1fa\\U0001f1f8', '\\U0001f1ee\\U0001f1f3']",https://pbs.twimg.com/profile_images/1621571318461378560/DII5jacu_normal.jpg
nifty50trade,@nifty50trade,2023-09-29T15:35:52.000Z,False,"#nse #bse #dowjones#nasdaq #nifty50trade #sensex #nifty #nifty50Esports looking for acceptance as one of the top three sports in India, says NODWIN Gaming MD",0,0,1,125,"['#nse', '#bse', '#dowjones', '#nasdaq', '#nifty50trade', '#sensex', '#nifty', '#nifty50']",[],[],https://pbs.twimg.com/profile_images/1708401765367037952/3uyQYWxx_normal.jpg
SachinKsd1,@sachinksd1,2023-09-29T15:35:05.000Z,False,"If u think #nifty50 has done of correction

Check the weekly chart again .
Same is with #banknifty",0,0,0,79,"['#nifty50', '#banknifty']",[],[],https://pbs.twimg.com/profile_images/1389424050716352522/TrOEH8tF_normal.jpg
Stock analayzer _UV,@FanclubDanish,2023-09-29T15:34:16.000Z,False,Dekhlo bhai. Gaadi chal padi hai #coalindia ki.#Nifty #nifty50 #sharemarket #YouTube #PAKvsNZ #NarendraModi #StocksToBuy #Trending,0,0,1,191,"['#coalindia', '#Nifty', '#nifty50', '#sharemarket', '#YouTube', '#PAKvsNZ', '#NarendraModi', '#StocksToBuy', '#Trending']",[],[],https://pbs.twimg.com/profile_images/1703459612308246528/PlxMdEAQ_normal.jpg
Vijay,@hiwistler,2023-09-29T15:34:13.000Z,False,"#JBCHEPHAR  JB Chemicals & Pharmaceuticals
+ 5.74%#nifty50",0,0,0,38,"['#JBCHEPHAR', '#nifty50']",[],['\\u2705'],https://pbs.twimg.com/profile_images/1622693603930738708/HS2xdKXE_normal.jpg
Neha Singhal,@livetradewithme,2023-09-29T15:33:05.000Z,False,"One more

Trading with paint trend main hai kya? #nifty50 #Sensex #Finnifty #nseindia #NiftyFifty #Taxaudit Futures #VerifiedBySensibull 500 USDT #StocksToBuy #Vedanta",0,1,6,"1,532","['#nifty50', '#Sensex', '#Finnifty', '#nseindia', '#NiftyFifty', '#Taxaudit', '#VerifiedBySensibull', '#StocksToBuy', '#Vedanta']",[],[],https://pbs.twimg.com/profile_images/1685471354173403136/y6a5vMhB_normal.jpg
SBN Co,@sbn_co,2023-09-29T15:30:37.000Z,False,Securities in Ban For Trade Date 29 Sept'23:#indiacem#ZEEL#granules#manappuram#Chambalfert#deltacorp#BALRAMCHIN#HINDCOPPER#ibulhsgfin#nifty - FnO Ban List#GIFTNIFTY #djia #nifty50 #banknifty #niftybank #mwpl,0,0,0,973,"['#indiacem', '#ZEEL', '#granules', '#manappuram', '#Chambalfert', '#deltacorp', '#BALRAMCHIN', '#HINDCOPPER', '#ibulhsgfin', '#nifty', '#GIFTNIFTY', '#djia', '#nifty50', '#banknifty', '#niftybank', '#mwpl']",[],[],https://pbs.twimg.com/profile_images/1649000749542825984/ycQRnrIb_normal.jpg
Purushottam,@Purushottam1502,2023-09-29T15:28:47.000Z,False,Let see.. how #Nifty50 levels worked today.,0,0,0,32,['#Nifty50'],[],[],https://pbs.twimg.com/profile_images/1393513245957255168/x03WDRpm_normal.jpg
Nifty Today,@nifty50today,2023-09-29T15:27:12.000Z,False,,0,0,0,398,[],[],['\\U0001f604'],https://pbs.twimg.com/profile_images/1695454711292346368/VKi_Yw5p_normal.jpg
nifty50trade,@nifty50trade,2023-09-29T15:26:31.000Z,False,"#nse #bse #dowjones#nasdaq #nifty50trade #sensex #nifty #nifty50""Oil falls as macroeconomic concerns dampen price rally""",0,0,0,108,"['#nse', '#bse', '#dowjones', '#nasdaq', '#nifty50trade', '#sensex', '#nifty', '#nifty50']",[],[],https://pbs.twimg.com/profile_images/1708401765367037952/3uyQYWxx_normal.jpg
Pankaj Ladha,@pankajladha_,2023-09-29T15:26:23.000Z,True,Has HDFC Bank entered into a bear phase?#nifty50 #sensex #HDFCBank,1,1,5,"1,451","['#nifty50', '#sensex', '#HDFCBank']",[],[],https://pbs.twimg.com/profile_images/1037753006194716672/h6Dcxn69_normal.jpg
nifty50trade,@nifty50trade,2023-09-29T15:25:47.000Z,False,"#nse #bse #dowjones#nasdaq #nifty50trade #sensex #nifty #nifty50""U.S. stocks are rising after better than expected monthly inflation data""",0,0,0,96,"['#nse', '#bse', '#dowjones', '#nasdaq', '#nifty50trade', '#sensex', '#nifty', '#nifty50']",[],[],https://pbs.twimg.com/profile_images/1708401765367037952/3uyQYWxx_normal.jpg
The Grow Tech Algo software,@GrowtechAlgo,2023-09-29T15:23:49.000Z,False,"The Nifty 50 index was launched on April 22, 1996 with the base date of the index as November 3, 1995, which was the start date of equity trading on NSE.

Follow #tatashares #tatasteel #TataPower #stockmarketindia #livestock #sharemarketindia #bse #nse",0,0,1,34,"['#tatashares', '#tatasteel', '#TataPower', '#stockmarketindia', '#livestock', '#sharemarketindia', '#bse', '#nse']",['@growtechalgo'],[],https://pbs.twimg.com/profile_images/1701271937178017792/oER8kwu4_normal.jpg
DAILY TRADING LEVEL,@Soham_Khanpara,2023-09-29T15:23:00.000Z,False,NIFTY50 AND BANKNIFTY LEVELS FOR (03/10/2023) Market give good movement upside and near closing give bearish movement this is considered as profit booking but Nifty stand at support here only watching time for market. Don't trade in FOMO.,0,0,1,22,[],[],"['\\u26a0\\ufe0f', '\\u26a0\\ufe0f', '\\u26a0\\ufe0f']",https://pbs.twimg.com/profile_images/1685609553277374465/-UPz9qKf_normal.jpg
Vijay,@hiwistler,2023-09-29T15:19:45.000Z,False,Housing & Urban Development  #HUDCO  + 6%Glenmark Pharmaceuticals  #Glenmark  + 9.88% (On a high volume)#nifty50,0,0,1,264,"['#HUDCO', '#Glenmark', '#nifty50']",[],"['\\u2705', '\\u2705']",https://pbs.twimg.com/profile_images/1622693603930738708/HS2xdKXE_normal.jpg
Neha Singhal,@livetradewithme,2023-09-29T15:18:08.000Z,False, breaking news Ab aap paint karte karte bhi trade le sakte hai. Trading setup not required #nifty50 #Sensex #Finnifty #nseindia #NiftyFifty #Taxaudit Futures #VerifiedBySensibull 500 USDT #StocksToBuy #Vedanta,5,1,11,"4,709","['#nifty50', '#Sensex', '#Finnifty', '#nseindia', '#NiftyFifty', '#Taxaudit', '#VerifiedBySensibull', '#StocksToBuy', '#Vedanta']",[],"['\\U0001f6a8', '\\U0001f6a8', '\\U0001f6a8', '\\U0001f6a8', '\\U0001f923', '\\U0001f923']",https://pbs.twimg.com/profile_images/1685471354173403136/y6a5vMhB_normal.jpg
Seaul,@Seauls,2023-09-29T15:16:06.000Z,False,19800 is a Pivotal level. Downside below 19225 strong gap downs/volatile moves can be seen.#Nifty #Nifty50,0,0,1,355,"['#Nifty', '#Nifty50']",[],[],https://pbs.twimg.com/profile_images/1079998094543126529/HiWuZyj3_normal.jpg
Ravi Prasad (RSP),@Stockstudy8,2023-09-29T15:14:45.000Z,True,"Nifty BeEs - #NiftyBees 
Word of the Day

Launched in 2001, Nifty Benchmark Exchange Traded Scheme (BeEs) was the very first ETF offered in India.

It tracks the Nifty 50 index.

It is listed on both the NSE and the BSE and can be purchased and traded like equities.",1,8,81,"9,498",['#NiftyBees'],[],[],https://pbs.twimg.com/profile_images/1615402244521984003/Q5HeeZVE_normal.jpg
Unnat Bajoria,@unnatbajoria,2023-09-29T15:10:02.000Z,False,"In line with our view a fortnight ago, #Nifty crashed about 500+ points from where we seemed to sense its weakness at 19985 to below 19500- this week. As they say, 'Markets are kind,'..#StockMarketindia #stocks #sector #stockmarketnews #stockmarkets #Nifty50 #Nifty50 #markets",0,0,1,122,"['#Nifty', '#StockMarketindia', '#stocks', '#sector', '#stockmarketnews', '#stockmarkets', '#Nifty50', '#Nifty50', '#markets']",[],[],https://pbs.twimg.com/profile_images/1373982943475949568/9OQyyc81_normal.jpg
The Finance Sorcerer,@financesorcerer,2023-09-29T15:06:58.000Z,True,"In the last 6 months, I’ve earned 47% return in stock market. Yes, emotions led to some portfolio mishaps, but I'm content. Each mistake has been a stepping stone, broadening my understanding. I’m eager for the continual learning that lies ahead on this journey.#Nifty #nifty50… Show more",0,0,0,103,"['#Nifty', '#nifty50']",[],[],https://pbs.twimg.com/profile_images/1704179913388085248/DhDs3NPQ_normal.jpg
Stock WarrioR $@/\/!,Stock WarrioR $@/\/!,2023-09-29T15:05:07.000Z,False,Burger with big patty #Nifty #NiftyFifty #nifty50 #NSE #fun,1,0,1,210,"['#Nifty', '#NiftyFifty', '#nifty50', '#NSE', '#fun']",[],[],https://pbs.twimg.com/profile_images/1600111066528514053/fI9S47Dk_normal.jpg
Himanshu Rwt,@HimanshuRWT4,2023-09-29T15:04:15.000Z,False,#NSEUpdates #Nifty #Nifty50 #NSEIndia #StockMarketIndia #ShareMarket #MarketUpdates,1,0,2,65,"['#NSEUpdates', '#Nifty', '#Nifty50', '#NSEIndia', '#StockMarketIndia', '#ShareMarket', '#MarketUpdates']",[],[],https://pbs.twimg.com/profile_images/1234495554891198465/J6c-l1T0_normal.jpg
Finglory Financial Services,@FingloryFin,2023-09-29T14:57:05.000Z,False,Friday ProfitJoin Our Public Channel :https://telegram.im/fingloryfinancialservices…#Optionselling #OptionsTrading #Nifty #nifty50 #NiftyBank #banknifty #INTRADAY #intradaytrading #StockMarket #niftyOptions #BankNiftyOptions #trading #investing #StockMarketindia #nse #bse #swingtrade #finance,0,1,2,57,"['#Optionselling', '#OptionsTrading', '#Nifty', '#nifty50', '#NiftyBank', '#banknifty', '#INTRADAY', '#intradaytrading', '#StockMarket', '#niftyOptions', '#BankNiftyOptions', '#trading', '#investing', '#StockMarketindia', '#nse', '#bse', '#swingtrade', '#finance']",[],"['\\U0001f447\\U0001f3fb', '\\U0001f447\\U0001f3fb']",https://pbs.twimg.com/profile_images/1574416059754369024/9iEyt-ZK_normal.jpg
Finglory Financial Services,@FingloryFin,2023-09-29T14:56:52.000Z,False,Friday ProfitJoin Our Public Channel :https://telegram.im/fingloryfinancialservices…#Optionselling #OptionsTrading #Nifty #nifty50 #NiftyBank #banknifty #INTRADAY #intradaytrading #StockMarket #niftyOptions #BankNiftyOptions #trading #investing #StockMarketindia #nse #bse #swingtrade #finance,0,1,2,54,"['#Optionselling', '#OptionsTrading', '#Nifty', '#nifty50', '#NiftyBank', '#banknifty', '#INTRADAY', '#intradaytrading', '#StockMarket', '#niftyOptions', '#BankNiftyOptions', '#trading', '#investing', '#StockMarketindia', '#nse', '#bse', '#swingtrade', '#finance']",[],"['\\U0001f447\\U0001f3fb', '\\U0001f447\\U0001f3fb']",https://pbs.twimg.com/profile_images/1574416059754369024/9iEyt-ZK_normal.jpg
Finglory Financial Services,@FingloryFin,2023-09-29T14:56:36.000Z,False,Friday ProfitJoin Our Public Channel :https://telegram.im/fingloryfinancialservices…#Optionselling #OptionsTrading #Nifty #nifty50 #NiftyBank #banknifty #INTRADAY #intradaytrading #StockMarket #niftyOptions #BankNiftyOptions #trading #investing #StockMarketindia #nse #bse #swingtrade #finance,0,1,2,42,"['#Optionselling', '#OptionsTrading', '#Nifty', '#nifty50', '#NiftyBank', '#banknifty', '#INTRADAY', '#intradaytrading', '#StockMarket', '#niftyOptions', '#BankNiftyOptions', '#trading', '#investing', '#StockMarketindia', '#nse', '#bse', '#swingtrade', '#finance']",[],"['\\U0001f447\\U0001f3fb', '\\U0001f447\\U0001f3fb']",https://pbs.twimg.com/profile_images/1574416059754369024/9iEyt-ZK_normal.jpg
Finglory Financial Services,@FingloryFin,2023-09-29T14:56:15.000Z,False,Friday ProfitJoin Our Public Channel :https://telegram.im/fingloryfinancialservices…#Optionselling #OptionsTrading #Nifty #nifty50 #NiftyBank #banknifty #INTRADAY #intradaytrading #StockMarket #niftyOptions #BankNiftyOptions #trading #investing #StockMarketindia #nse #bse #swingtrade #finance,0,1,2,51,"['#Optionselling', '#OptionsTrading', '#Nifty', '#nifty50', '#NiftyBank', '#banknifty', '#INTRADAY', '#intradaytrading', '#StockMarket', '#niftyOptions', '#BankNiftyOptions', '#trading', '#investing', '#StockMarketindia', '#nse', '#bse', '#swingtrade', '#finance']",[],"['\\U0001f447\\U0001f3fb', '\\U0001f447\\U0001f3fb']",https://pbs.twimg.com/profile_images/1574416059754369024/9iEyt-ZK_normal.jpg
Nifty Today,@nifty50today,2023-09-29T14:55:00.000Z,False,FII / DII activity today : 29.09.2023#trading #StockMarket,0,0,2,72,"['#trading', '#StockMarket']",[],[],https://pbs.twimg.com/profile_images/1695454711292346368/VKi_Yw5p_normal.jpg
Bank Nifty,@Bankniftyy,2023-09-29T14:51:43.000Z,False,"#BankNiftyOptions #banknifty #NiftyBank #nifty50 #nifty #niftyOptions #GIFTNIFTY #finnifty 
Today's Economic Data:",0,0,0,219,"['#BankNiftyOptions', '#banknifty', '#NiftyBank', '#nifty50', '#nifty', '#niftyOptions', '#GIFTNIFTY', '#finnifty']",[],[],https://pbs.twimg.com/profile_images/1674277168904572928/UAT_cVkh_normal.jpg
Subhankar Chakraborty,@candlevolume,2023-09-29T14:46:38.000Z,False,"In #Nifty 19680-85 level was showing a MSS Market Structure shift  in 1hr to 5min timeframe. Market rejected from this level multiple times. Checking weekly level It's cleared, above 19680 it would be reversal sign with Morning Doji star.#NiftyFifty #nifty50 #indiavix",0,0,1,184,"['#Nifty', '#NiftyFifty', '#nifty50', '#indiavix']",[],[],https://pbs.twimg.com/profile_images/1679844046930575360/3DWIruTI_normal.jpg
Vijay,@hiwistler,2023-09-29T14:46:14.000Z,False,"Sterling and Wilson stock jumps 4% on Rs 1,535 crore order win from NTPC-RE #SWsolar   #nifty50 https://moneycontrol.com/news/business/stocks/sterling-and-wilson-stock-jumps-4-on-rs-1535-crore-order-win-from-ntpc-re-11451001.html…",0,0,1,133,"['#SWsolar', '#nifty50']",[],[],https://pbs.twimg.com/profile_images/1622693603930738708/HS2xdKXE_normal.jpg
NipeshGajjar,@nipeshgajjar,2023-09-29T14:40:36.000Z,False,"#BSE #NSE #Nifty #nifty50         Do you know how long Sachin Tendulkar played ???
The US $ was at Rs.19 Sensex at 800. Instead of watching him & invested in shares. New offer:Invest now and retire with SHUBHMAN! ",0,0,2,80,"['#BSE', '#NSE', '#Nifty', '#nifty50']","['@SEBI', '@sachin_rt', '@ShubmanGill', '@BCCI', '@ICC', '@BSEIndia', '@NSEIndia', '@SEBI_India']",['\\U0001f44d'],https://pbs.twimg.com/profile_images/1611374061950730246/I82uLyVQ_normal.jpg
Financial_School,@FinancialSchoo1,2023-09-29T14:40:23.000Z,False,#nifty50,1,0,0,32,['#nifty50'],[],[],https://pbs.twimg.com/profile_images/1689319986345758720/FFX3BdcG_normal.jpg
Financial_School,@FinancialSchoo1,2023-09-29T14:40:23.000Z,False,#nifty50,1,0,0,36,['#nifty50'],[],[],https://pbs.twimg.com/profile_images/1689319986345758720/FFX3BdcG_normal.jpg
Tradegun,@Tradegun50,2023-09-29T14:40:00.000Z,False,"Expecting a gapdown, then upside. But limited #nifty #nifty50 #StockMarket #midcpnifty #finnifty #midcapWe are sharing this only for education purposes. We don't recommend anyone to trade/invest using this. If you intend to trade please consult a financial expert and advisor.",0,0,0,112,"['#nifty', '#nifty50', '#StockMarket', '#midcpnifty', '#finnifty', '#midcap']",[],[],https://pbs.twimg.com/profile_images/1508862270616399872/m3_wd8qX_normal.jpg
Nifty50+,@queenmiserable,2023-09-29T14:39:41.000Z,False,None of them.. all shady,0,0,0,11,[],[],[],https://pbs.twimg.com/profile_images/1704034813022203904/BmykoqfZ_normal.jpg
Vishu Kartik,@kartikvishu,2023-09-29T14:35:08.000Z,True,"Post-Market Shots #NIFTY50Closed at 19,638.30, up by 114.75  points from previous closing (0.59%) #BANKNIFTYClosed at 44,584.55 up by 283.60 points from previous closing  (0.64%) #FINNIFTYClosed at 19,811.10 up by 135.55  points from previous closing (0.69%) … Show more",0,0,4,880,"['#NIFTY50', '#BANKNIFTY', '#FINNIFTY']",[],"['\\u2600\\ufe0f', '\\U0001f7e2', '\\U0001f7e2', '\\U0001f7e2', '\\U0001f4fa']",https://pbs.twimg.com/profile_images/1548013021485682689/qq6wHT8B_normal.jpg
ETMarkets,@ETMarkets,2023-09-29T14:34:00.000Z,True,"The just concluded September series saw 14 Nifty50 stocks witnessing short covering led by Infosys, as FIIs preferred to take short bets on the index and SSF",0,2,2,"1,802",[],[],[],https://pbs.twimg.com/profile_images/1059320501825343488/8_kRREAN_normal.jpg
Buddhadeb Das Adhikari,@Buddhad13729524,2023-09-29T14:30:28.000Z,False,"#auropharma 890 ce 

27 to 59.60

double profit#optiontrading #stocks #stockmarket #investing #trading #banknifty #nifty50",0,0,1,74,"['#auropharma', '#optiontrading', '#stocks', '#stockmarket', '#investing', '#trading', '#banknifty', '#nifty50']",[],[],https://pbs.twimg.com/profile_images/1511709686617325570/uVofzfox_normal.jpg
MoneyCapitalAI,@moneycapitalai,2023-09-29T14:30:00.000Z,True,"Returns matter a lot. It’s our capital.... 

Our 5EMA gave 0.905% today..

To get the real-time notification of #NiftyBank, Check out this: https://twitter.com/moneycapitalai/status/1622543747077791745………#StockMarket #trading #TechnicalIndicators #Nifty50 #NSE #BSE",0,0,2,110,"['#NiftyBank', '#StockMarket', '#trading', '#TechnicalIndicators', '#Nifty50', '#NSE', '#BSE']",[],['\\U0001f525'],https://pbs.twimg.com/profile_images/1459216832754245632/GDj4caUg_normal.jpg
Vijay,@hiwistler,2023-09-29T14:26:11.000Z,False,#LUPIN  surges to 52-week high on receiving US FDA clearance for Nagpur unit#nifty50 https://moneycontrol.com/news/business/markets/lupin-surges-to-52-week-high-on-receiving-us-fda-clearance-for-nagpur-unit-11451841.html…,0,0,1,93,"['#LUPIN', '#nifty50']",[],[],https://pbs.twimg.com/profile_images/1622693603930738708/HS2xdKXE_normal.jpg
Vinod,@Vinodrt,2023-09-29T14:25:37.000Z,False,"#JAICORP - Technicals are worth considering short/mid 
term buy #stockstobuy #BreakoutstocksLow #rsistudy #adx #stockstudy #nifty50 #investing #sensex #trading #nse #traders #stocks #stockstotrade #stockmarket #marketing #investing #zerodha",1,1,4,456,"['#JAICORP', '#stockstobuy', '#BreakoutstocksLow', '#rsistudy', '#adx', '#stockstudy', '#nifty50', '#investing', '#sensex', '#trading', '#nse', '#traders', '#stocks', '#stockstotrade', '#stockmarket', '#marketing', '#investing', '#zerodha']",[],[],https://pbs.twimg.com/profile_images/1645383615973560320/ZgM2vIAy_normal.jpg
Arijit K R0Y,@FighterAKR,2023-09-29T14:25:05.000Z,False,"#BSE #Sensex climbed 320.09 points or 0.49% to settle at 65,828.41.#NSE #Nifty close the day with gains of 114.75 points or 0.59% at 19,638.30.#nifty50 #NiftyBank #ICICIBank #NTPC #Hindalco #Reliance #SBI #StocksToBuy #StocksInFocus #sharemarket #stockmarkets #StockMarketindia",0,0,0,63,"['#BSE', '#Sensex', '#NSE', '#Nifty', '#nifty50', '#NiftyBank', '#ICICIBank', '#NTPC', '#Hindalco', '#Reliance', '#SBI', '#StocksToBuy', '#StocksInFocus', '#sharemarket', '#stockmarkets', '#StockMarketindia']",[],[],https://pbs.twimg.com/profile_images/1693088413069578240/iaxGm8Hb_normal.jpg
Neha Singhal,@livetradewithme,2023-09-29T14:24:41.000Z,False,Join me on whatsApp for live tradinghttps://whatsapp.com/channel/0029VaARioOJ3jurZapEcu40…#Vedanta #NiftyFifty #StockMarket #StocksToBuy #nseindia #nifty50 #optionbuying,0,0,1,639,"['#Vedanta', '#NiftyFifty', '#StockMarket', '#StocksToBuy', '#nseindia', '#nifty50', '#optionbuying']",[],[],https://pbs.twimg.com/profile_images/1685471354173403136/y6a5vMhB_normal.jpg
auレバナス100万円塩漬け日誌,@tsuka5115,2023-09-29T14:24:19.000Z,False,"インド株ファンド十万円チャレンジ
15日目
評価損益　+522円
前日比率　▲1.04%
上昇継続しないな〜#インド株ファンド#nifty50#ガチホ",0,0,4,233,"['#インド株ファンド', '#nifty50', '#ガチホ']",[],[],https://pbs.twimg.com/profile_images/1647555343063601155/s23XkJUv_normal.jpg
Swing action,@rockkrishna,2023-09-29T14:24:18.000Z,False,Union bank moves 3.71% today. stock gives around 18.1% in till now. #StocksToBuy #stocks #stockstowatch #StocksToTrade #StocksInNews #StockMarket #stockmarkets #StockMarketindia #Nifty #NiftyBank #nifty50,0,0,0,111,"['#StocksToBuy', '#stocks', '#stockstowatch', '#StocksToTrade', '#StocksInNews', '#StockMarket', '#stockmarkets', '#StockMarketindia', '#Nifty', '#NiftyBank', '#nifty50']",[],[],https://pbs.twimg.com/profile_images/1554443070799638529/WbjdcvXH_normal.jpg
DC Trades,@trades_option1,2023-09-29T14:24:01.000Z,False,Today's Day High in #Nifty & #BankNifty was 19726 & 44755.#StockMarket #nifty50 #NiftyBank #Options#Nasdaq #Dowjones#RyderCup #PAKvsNZ #AsianGames2023 ,0,2,3,418,"['#Nifty', '#BankNifty', '#StockMarket', '#nifty50', '#NiftyBank', '#Options', '#Nasdaq', '#Dowjones', '#RyderCup', '#PAKvsNZ', '#AsianGames2023']",[],"['\\U0001f600', '\\U0001f607', '\\U0001f53b']",https://pbs.twimg.com/profile_images/1697890817887866880/SiJMsefq_normal.jpg
Adv Jai Singh Shekhawat,@Advjsshekhawat,2023-09-29T14:23:48.000Z,False,"10% Upmove #StockFollow & RT
Know the name of Stock
50 Tgt for Today
DM for Stock Name
No Buy Sale Recommended #banknifty #nifty50 #niftyanalysis #stockmarket #stocks #sharemarket #BankNiftyOptions #sharemarket #StockMarketindia  #intradaytrading #stockmarketcrash",0,0,0,88,"['#Stock', '#banknifty', '#nifty50', '#niftyanalysis', '#stockmarket', '#stocks', '#sharemarket', '#BankNiftyOptions', '#sharemarket', '#StockMarketindia', '#intradaytrading', '#stockmarketcrash']",[],['\\u2764\\ufe0f'],https://pbs.twimg.com/profile_images/1626550853451800576/AhGRVy6v_normal.jpg
MangeshG Chando₹ka₹,@Chandorkar_M,2023-09-29T14:23:38.000Z,False,"Bond yield impact on market:

1) Bond yields and stock prices tend to move inversely.

2) When bond yields rise, the cost of borrowing increases.

3) This can lead to a decrease in investment and economic growth.      As a result, stock prices may fall. #spx  #nifty50 #btc",1,0,0,40,"['#spx', '#nifty50', '#btc']",[],[],https://pbs.twimg.com/profile_images/1428534035249352704/DOSz-qtI_normal.jpg
CA Manish Gupta,@the_real1_Money,2023-09-29T14:22:12.000Z,False,"Market is closed for 3 days
30sep saturday
01oct sunday
02oct Gandhi Jayanti

A big gap down may be seen on 3rd oct. 

What's your view. #nifty50 #sharemarket #niftyOptions",0,0,1,59,"['#nifty50', '#sharemarket', '#niftyOptions']",[],[],https://pbs.twimg.com/profile_images/1598977214891978753/mIqNAPv3_normal.jpg
Swing action,@rockkrishna,2023-09-29T14:20:51.000Z,False,Bharat wire moves 3.49% today.#StocksToBuy #stocks #stockstowatch #StocksToTrade #StocksInNews #StockMarket #StockMarketindia #stockmarkets #Nifty #nifty50,0,0,0,107,"['#StocksToBuy', '#stocks', '#stockstowatch', '#StocksToTrade', '#StocksInNews', '#StockMarket', '#StockMarketindia', '#stockmarkets', '#Nifty', '#nifty50']",[],[],https://pbs.twimg.com/profile_images/1554443070799638529/WbjdcvXH_normal.jpg
SOT Soul of Trading,@SOT_ALGO,2023-09-29T14:20:17.000Z,False,Nifty all target  done #nifty #NiftyFifty #nifty50 #niftyOptions,1,0,1,182,"['#nifty', '#NiftyFifty', '#nifty50', '#niftyOptions']",[],['\\U0001f3af'],https://pbs.twimg.com/profile_images/1601969679349972992/FKpnCvC1_normal.jpg
Divya,@Radiys17,2023-09-29T14:19:59.000Z,True,"Dumping demerger stocks to retail is new game plan as debt resolution plan given to lenders & bankers.

Demerger entities will be added to mutual funds portfolio to offload. #Nifty #Nifty50 #Vedanta",0,0,1,296,"['#Nifty', '#Nifty50', '#Vedanta']",[],[],https://abs.twimg.com/sticky/default_profile_images/default_profile_normal.png
Star Options,@anandsh41201305,2023-09-29T14:19:56.000Z,False,Home   continues Star  Options! #midcap 8950 call 80 to 175  9K call 75 to 125 #Nifty 19500 call 150 to 259 #finnifty 19600 call 153 to 285 #banknifty 44200 call 405 to 615 Wanna learn? DM me Or send message on link  tree #nifty50,0,2,2,633,"['#midcap', '#Nifty', '#finnifty', '#banknifty', '#nifty50']",[],"['\\U0001f3e0', '\\U0001f3c3', '\\U0001f4a8', '\\u2b50', '\\U0001f680', '\\U0001f680', '\\U0001f680', '\\U0001f680', '\\U0001f680', '\\U0001f525', '\\U0001f525', '\\U0001f525', '\\U0001f525', '\\U0001f525', '\\U0001f525', '\\U0001f517', '\\U0001f332']",https://pbs.twimg.com/profile_images/1674736684540493825/hUPLYEHO_normal.jpg
Swing action,@rockkrishna,2023-09-29T14:18:29.000Z,False,Rec ltd moves 2.36% today. #StocksToBuy #stocks #stockstowatch #StocksToTrade #StocksInNews #stockmarkets #StockMarket #StockMarketindia #Nifty #nifty50,0,0,0,93,"['#StocksToBuy', '#stocks', '#stockstowatch', '#StocksToTrade', '#StocksInNews', '#stockmarkets', '#StockMarket', '#StockMarketindia', '#Nifty', '#nifty50']",[],[],https://pbs.twimg.com/profile_images/1554443070799638529/WbjdcvXH_normal.jpg
Ashish Kumar Tanwar,@AshishKTanwar,2023-09-29T14:18:00.000Z,False,"(29/9/2023) ENTRY-EXIT Signal given by Setup in #NiftyBe a BULL or Be a Bear, always follow STOPLOSS#StockMarketindia #Optionstrading #BankNifty #OptionBuying #NiftyBank #Vedanta #finnifty #stockmarketcrash #Stocktowatch #stockmarket #INTRADAY #StocksToBuy #Sensex #Nifty50",0,0,1,274,"['#Nifty', '#StockMarketindia', '#Optionstrading', '#BankNifty', '#OptionBuying', '#NiftyBank', '#Vedanta', '#finnifty', '#stockmarketcrash', '#Stocktowatch', '#stockmarket', '#INTRADAY', '#StocksToBuy', '#Sensex', '#Nifty50']",[],[],https://pbs.twimg.com/profile_images/1532770056593342464/1vR7OhAY_normal.png
Arya,@TheChartistarya,2023-09-29T14:17:59.000Z,False,Retailers must be very happy now they are not going to lose money till Tuesday. #banknifty #nifty50,0,0,1,110,"['#banknifty', '#nifty50']",[],[],https://pbs.twimg.com/profile_images/1706664941984563201/hglJXp00_normal.jpg
TradeTactics,@TradeTactic01,2023-09-29T14:17:59.000Z,False,"#precisionwires is more than 12% up - have an eye more upside expected - 123.75 - 139rs in a week.

Investing is always better than trading #StocksToBuy #stockmarketcrash #stocks #nifty50 ",0,0,0,143,"['#precisionwires', '#StocksToBuy', '#stockmarketcrash', '#stocks', '#nifty50']",['@kuttrapali26'],"['\\U0001f680', '\\U0001f642']",https://pbs.twimg.com/profile_images/1672241795399385090/JtEAfAdu_normal.jpg
Swing action,@rockkrishna,2023-09-29T14:15:59.000Z,False,"#wonderla CMP 727.5 , moves 2.26% today. Gives almost 5.8% in 4 days.  #StocksToBuy #stocks #stockstowatch #StocksToTrade #StocksInNews #StockMarket #StockMarketindia #Nifty #nifty50",0,0,0,112,"['#wonderla', '#StocksToBuy', '#stocks', '#stockstowatch', '#StocksToTrade', '#StocksInNews', '#StockMarket', '#StockMarketindia', '#Nifty', '#nifty50']",[],[],https://pbs.twimg.com/profile_images/1554443070799638529/WbjdcvXH_normal.jpg
Bajaj Financial Securities Limited,@Bajaj_FinSec,2023-09-29T14:15:15.000Z,False,Market at the end of Friday -29th Sep'23.#nifty50 #niftyfifty #sensextoday #sensexindia #banknifty #niftypharma #niftyenergy #stockmarket #stock #stockmarketindia #niftypsubank,0,0,1,100,"['#nifty50', '#niftyfifty', '#sensextoday', '#sensexindia', '#banknifty', '#niftypharma', '#niftyenergy', '#stockmarket', '#stock', '#stockmarketindia', '#niftypsubank']",[],[],https://pbs.twimg.com/profile_images/1674030825938243585/JD3YaTsy_normal.jpg
Divesh Jotwani,@diveshtech,2023-09-29T14:13:10.000Z,False,An Amazing Forecasting Approach That ‘Actually’ Works!https://gann-trade-secrets.com/accurate-predictions-of-market/…#Gann #nifty50,0,0,1,31,"['#Gann', '#nifty50']",[],[],https://pbs.twimg.com/profile_images/1378785254941487105/og3eZUi__normal.jpg
GRANNY MARKET / BINSHUL . B .JACOB,@BinshulB,2023-09-29T14:11:28.000Z,False,"Power of compounding! Old man holds L&T, UltraTech and Karnataka Bank shares worth over ₹10 crore#investing #priceaction #stockmarketcrash #stockmarkets #stockmarkets #StockToWatch #stocks #nifty50 #niftyOptions #Investcorp #compounding #warrenbuffett",0,0,0,243,"['#investing', '#priceaction', '#stockmarketcrash', '#stockmarkets', '#stockmarkets', '#StockToWatch', '#stocks', '#nifty50', '#niftyOptions', '#Investcorp', '#compounding', '#warrenbuffett']",[],[],https://pbs.twimg.com/profile_images/1603613805912547328/-iN3gqYB_normal.jpg
Ravindra Sur@na,Ravindra Sur@na,2023-09-29T14:11:22.000Z,False,"Acha hua, Nifty50 mein nahi hain, nahi to #NIFTY55 hota thoda time ke liye..    ",0,0,2,254,['#NIFTY55'],"['@Brajeshjhawar1', '@MintedSwings', '@itsqfa', '@jhawar_devesh']",[],https://pbs.twimg.com/profile_images/1653119558784278528/TfsjpAXH_normal.jpg
Nifty Today,@nifty50today,2023-09-29T14:08:06.000Z,False,Will affect festive season sales,0,0,1,586,[],[],[],https://pbs.twimg.com/profile_images/1695454711292346368/VKi_Yw5p_normal.jpg
Subash,@Subash_SSR,2023-09-29T14:04:59.000Z,False,"After HAL split I didn't get the new shares, still it is showing the old number of shares. 

How long will it take usually to update in our portfolio?#HAL #nifty50 #zerodha",1,0,0,66,"['#HAL', '#nifty50', '#zerodha']",[],[],https://pbs.twimg.com/profile_images/1693113366942973953/2LrLA69o_normal.jpg
MoneyCapitalAI,@moneycapitalai,2023-09-29T14:00:03.000Z,True,"It's not our day.. 

5EMA gave  - 0.051% returns with a 1:3 risk-to-reward ratio today..

To get the real-time notification of #Nifty50 ,check out this: https://twitter.com/moneycapitalai/status/1622543747077791745… #StockMarket #NSE #BSE #NiftyBank",0,0,2,85,"['#Nifty50', '#StockMarket', '#NSE', '#BSE', '#NiftyBank']",[],['\\U0001f525'],https://pbs.twimg.com/profile_images/1459216832754245632/GDj4caUg_normal.jpg
Marketsmojo,@Marketsmojo,2023-09-29T13:59:25.000Z,False,"#Sensex, #Nifty Trim Weekly Losses As #ICICIBank, #NTPC Lead; #Pharma, #MetalStocks Gain Click the link in our bio for more details. Click the link- https://buff.ly/3r5g8ad#trading #forex #nifty50 #nifty100 #niftysmallcap #trader #inflation #finance #fomc #money #stocks #ufc",0,0,0,440,"['#Sensex', '#Nifty', '#ICICIBank', '#NTPC', '#Pharma', '#MetalStocks', '#trading', '#forex', '#nifty50', '#nifty100', '#niftysmallcap', '#trader', '#inflation', '#finance', '#fomc', '#money', '#stocks', '#ufc']",[],[],https://pbs.twimg.com/profile_images/1676491026914226178/1Y1BOlZM_normal.jpg
Dr Thomas,@chartbent,2023-09-29T13:56:04.000Z,False,#Nifty50Did the unexpected and broke past the barrier once again..  confirmatory moves are being extinguished each day.,0,0,7,"1,404",['#Nifty50'],[],['\\U0001f44d'],https://pbs.twimg.com/profile_images/1695616463447678976/y1VJid87_normal.jpg
Bal Krishan Sehgal,@BalkrishnSehgal,2023-09-29T13:54:23.000Z,False,RBL BANK : CO SAYS APPOINTMENT OF BUVANESH THARASHANKAR AS CHIEF FINANCIAL OFFICER#BankNiftyOptions #nifty50 #NiftyBank,0,0,0,12,"['#BankNiftyOptions', '#nifty50', '#NiftyBank']",[],[],https://pbs.twimg.com/profile_images/1659506556029861889/2hoFterb_normal.jpg
GRANNY MARKET / BINSHUL . B .JACOB,@BinshulB,2023-09-29T13:54:10.000Z,False,"Power of compounding! Old man holds L&T, UltraTech and Karnataka Bank shares worth over ₹10 crore#investing #priceaction #stockmarketcrash #stockmarkets #stockmarkets #StockToWatch #stocks #nifty50 #niftyOptions #Investcorp #compounding #warrenbuffett",0,0,0,238,"['#investing', '#priceaction', '#stockmarketcrash', '#stockmarkets', '#stockmarkets', '#StockToWatch', '#stocks', '#nifty50', '#niftyOptions', '#Investcorp', '#compounding', '#warrenbuffett']",[],[],https://pbs.twimg.com/profile_images/1603613805912547328/-iN3gqYB_normal.jpg
NEHA from ClearTax,@DVivekamundo,2023-09-29T13:46:56.000Z,False,"My friend 90% of the rallies happen due to these narratives. Otherwise the markets would simply run ‘sideways’. Even a layman investor knows that nifty 50 stocks will not grow more than 10% per year, but ppl invest on the future demand, while is a narrative unless accomplished.",0,0,0,25,[],[],[],https://pbs.twimg.com/profile_images/1703459991699800064/0LUPluYr_normal.jpg
Uday ( feel free to friendship with me ),@Uday86179550,2023-09-29T13:45:50.000Z,False,Capital 7lack : 0.54 % Sep :  0.61% Hedge . Drawdown: 0.61% #options #OptionsTrading #optionselling #optionbuying #TradingView #intraday #NiftyBank #nifty50 #nifty #niftyOptions #BankNiftyOptionsCapital,0,0,4,281,"['#options', '#OptionsTrading', '#optionselling', '#optionbuying', '#TradingView', '#intraday', '#NiftyBank', '#nifty50', '#nifty', '#niftyOptions', '#BankNiftyOptions']",['@ShoonyaApp'],"['\\U0001f49a', '\\u2665\\ufe0f', '\\u2665\\ufe0f', '\\u2665\\ufe0f']",https://pbs.twimg.com/profile_images/1570407435390832640/MyOov3Ru_normal.jpg
